Name;HP_Original;Atk_Original;Def_Original;SpA_Original;SpD_Original;Spe_Original;Total_Original;HP;Atk;Def;SpA;SpD;Spe;Total;Type I_Original;Type II_Original;Type I;Type II;Ability I_Original;Ability II_Original;Ability I;Ability II;Item Helds 1;Item Helds 2;"EXP
GROWTH";"CATCH
RATE";"BASE
FRIEND
SHIP";EVOLUTION METHODS
#001 Bulbasaur;45;49;49;65;65;45;318;45;49;49;65;65;45;318;Grass;Poison;Grass;Poison;Overgrow;;Chlorophyll ;Overgrow;;;MediumSlow;45;70;Can evolve into #002
#002 Ivysaur;60;62;63;80;80;60;405;60;62;63;80;80;60;405;Grass;Poison;Grass;Poison;Overgrow;;Chlorophyll ;Overgrow;;;MediumSlow;45;70;#001 Lv. 16 - Can evolve into #003
#003 Venusaur;80;82;83;100;100;80;525;80;82;83;110;100;80;535;Grass;Poison;Grass;Poison;Overgrow;;Thick Fat;Overgrow;;;MediumSlow;45;70;#002 Lv. 32
#004 Charmander;39;52;43;60;50;65;309;39;52;43;60;50;65;309;Fire;;Fire;;Blaze;;Solar Power;Blaze;;;MediumSlow;45;70;Can evolve into #005
#005 Charmeleon;58;64;58;80;65;80;405;58;64;58;80;65;80;405;Fire;;Fire;;Blaze;;Solar Power;Blaze;;;MediumSlow;45;70;#004 Lv. 16 - Can evolve into #006
#006 Charizard;78;84;78;109;85;100;534;78;84;78;110;85;100;535;Fire;Flying;Fire;Dragon;Blaze;;Levitate ;Blaze;;;MediumSlow;45;70;#005 Lv. 36
#007 Squirtle;44;48;65;50;64;43;314;44;48;65;50;64;43;314;Water;;Water;;Torrent;;Rain Dish;Torrent;;;MediumSlow;45;70;Can evolve into #008
#008 Wartortle;59;63;80;65;80;58;405;59;63;80;65;80;58;405;Water;;Water;;Torrent;;Rain Dish;Torrent;;;MediumSlow;45;70;#007 Lv. 16 - Can evolve into #009
#009 Blastoise;79;83;100;85;105;78;530;79;83;100;90;105;78;535;Water;;Water;;Torrent;;Drizzle ;Torrent;;;MediumSlow;45;70;#008 Lv. 36
#010 Caterpie;45;30;35;20;20;45;195;45;30;35;20;20;45;195;Bug;;Bug;;Shield Dust;;Run Away;Shield Dust;;;MediumFast;255;70;Can evolve into #011
#011 Metapod;50;20;55;25;25;30;205;50;20;55;25;25;30;205;Bug;;Bug;;Shed Skin;;Shed Skin;Shed Skin;;;MediumFast;120;70;#010 Lv. 7 - Can evolve into #012
#012 Butterfree;60;45;50;80;80;70;385;60;45;45;110;100;90;450;Bug;Flying;Bug;Flying;Compoundeyes;;Tinted Lens;Compoundeyes;SilverPowder - 5%;;MediumFast;45;70;#011 Lv. 10
#013 Weedle;40;35;30;20;20;50;195;40;35;30;20;20;50;195;Bug;Poison;Bug;Poison;Shield Dust;;Run Away;Shed Skin;;;MediumFast;255;70;Can evolve into #014
#014 Kakuna;45;25;50;25;25;35;205;45;25;50;25;25;35;205;Bug;Poison;Bug;Poison;Shed Skin;;Shed Skin;Shed Skin;;;MediumFast;120;70;#013 Lv. 7 - Can evolve into #015
#015 Beedrill;65;80;40;45;80;75;385;65;115;40;40;95;95;450;Bug;Poison;Bug;Poison;Swarm;;Adaptability ;Swarm;Poison Barb - 5%;;MediumFast;45;70;#014 Lv. 10
#016 Pidgey;40;45;40;35;35;56;251;40;35;35;50;35;56;251;Normal;Flying;Normal;Flying;Keen Eye;Tangled Feet;Keen Eye;Tangled Feet;;;MediumSlow;255;70;Can evolve into #017
#017 Pidgeotto;63;60;55;50;50;71;349;63;50;50;65;50;71;349;Normal;Flying;Normal;Flying;Keen Eye;Tangled Feet;Keen Eye;Tangled Feet;;;MediumSlow;120;70;#016 Lv. 18 - Can evolve into #018
#018 Pidgeot;83;80;75;70;70;91;469;83;60;70;115;70;101;499;Normal;Flying;Normal;Flying;Keen Eye;Tangled Feet;No Guard;Tangled Feet;;;MediumSlow;45;70;#017 Lv. 36
#019 Rattata;30;56;35;25;35;72;253;30;56;35;25;35;72;253;Normal;;Normal;;Run Away;Guts;Hustle ;Guts;Pecha Berry - 5%;;MediumFast;255;70;Can evolve into #020
#020 Raticate;55;81;60;50;70;97;413;55;97;70;45;70;113;450;Normal;;Normal;;Run Away;Guts;Run Away;Guts;Pecha Berry - 5%;;MediumFast;127;70;#019 Lv. 20
#021 Spearow;40;60;30;31;31;70;262;40;60;30;31;31;70;262;Normal;Flying;Normal;Flying;Keen Eye;;Keen Eye;Sniper;Sharp Beak - 5%;;MediumFast;255;70;Can evolve into #022
#022 Fearow;65;90;65;61;61;100;442;65;110;65;61;61;100;462;Normal;Flying;Normal;Flying;Keen Eye;;Keen Eye;Sniper;Sharp Beak - 5%;;MediumFast;90;70;#021 Lv. 20
#023 Ekans;35;60;44;40;54;55;288;35;60;44;40;54;55;288;Poison;;Poison;;Intimidate;Shed Skin;Intimidate;Shed Skin;;;MediumFast;255;70;Can evolve into #024
#024 Arbok;60;85;69;65;79;80;438;60;110;70;55;80;80;455;Poison;;Poison;;Intimidate;Shed Skin;Intimidate;Shed Skin;;;MediumFast;90;70;#023 Lv. 22
#025 Pikachu;35;55;30;50;40;90;300;35;55;40;50;50;90;320;Electric;;Electric;;Static;;Static;Lightning Rod;Light Ball - 5%;;MediumFast;190;70;#172 Level up when friendship high
#026 Raichu;60;90;55;90;80;100;475;60;95;55;95;80;110;495;Electric;;Electric;;Static;;Static;Lightning Rod;;;MediumFast;75;70;#025 Use Thunderstone
#027 Sandshrew;50;75;85;20;30;40;300;50;75;85;20;30;40;300;Ground;;Ground;;Sand Veil;;Sand Veil;;;;MediumFast;255;70;Can evolve into #028
#028 Sandslash;75;100;110;45;55;65;450;75;100;110;45;55;65;450;Ground;;Ground;;Sand Veil;;Sand Veil;;;;MediumFast;90;70;#027 Lv. 22
#029 Nidoran ♀;55;47;52;40;40;41;275;55;47;52;40;40;41;275;Poison;;Poison;;Poison Point;Rivalry;Poison Point;Rivalry;;;MediumSlow;235;70;Can evolve into #030
#030 Nidorina;70;62;67;55;55;56;365;70;62;67;55;55;56;365;Poison;;Poison;;Poison Point;Rivalry;Poison Point;Rivalry;;;MediumSlow;120;70;#029 Lv. 16 - Can evolve into #031
#031 Nidoqueen;90;82;87;75;85;76;495;90;92;87;75;85;76;505;Poison;Ground;Poison;Ground;Poison Point;Rivalry;Poison Point;Rivalry;;;MediumSlow;45;70;#030 Use Moon Stone
#032 Nidoran ♂;46;57;40;40;40;50;273;46;57;40;40;40;50;273;Poison;;Poison;;Poison Point;Rivalry;Poison Point;Rivalry;;;MediumSlow;235;70;Can evolve into #033
#033 Nidorino;61;72;57;55;55;65;365;61;72;57;55;55;65;365;Poison;;Poison;;Poison Point;Rivalry;Poison Point;Rivalry;;;MediumSlow;120;70;#032 Lv. 16 - Can evolve into #034
#034 Nidoking;81;92;77;85;75;85;495;81;102;77;85;75;85;505;Poison;Ground;Poison;Ground;Poison Point;Rivalry;Poison Point;Rivalry;;;MediumSlow;45;70;#033 Use Moon Stone
#035 Clefairy;70;45;48;60;65;35;323;70;45;48;60;65;35;323;Normal;;Fairy;;Cute Charm;Magic Guard;Cute Charm;Magic Guard;Moon Stone - 5%;;Fast;150;140;#0173 Level up when friendship high - Can evolve into #036
#036 Clefable;95;70;73;85;90;60;473;95;70;73;95;90;60;483;Normal;;Fairy;;Cute Charm;Magic Guard;Cute Charm;Magic Guard;Moon Stone - 5%;;Fast;25;140;#035 Use Moon Stone
#037 Vulpix;38;41;40;50;65;65;299;38;41;40;50;65;65;299;Fire;;Fire;;Flash Fire;;Drought ;Flash Fire;;;MediumFast;190;70;Can evolve into #038
#038 Ninetales;73;76;75;81;100;100;505;73;67;75;81;100;109;505;Fire;;Fire;Fairy;Flash Fire;;Drought ;Flash Fire;;;MediumFast;75;70;#038 Use Fire Stone
#039 Jigglypuff;115;45;20;45;25;20;270;115;55;30;55;35;30;320;Normal;;Normal;Fairy;Cute Charm;;Cute Charm;Magic Guard;Moon Stone - 5%;;Fast;170;70;#174 Level up when friendship high - Can evolve into #040
#040 Wigglytuff;140;70;45;75;50;45;425;140;80;55;95;60;55;485;Normal;;Normal;Fairy;Cute Charm;;Cute Charm;Magic Guard;Moon Stone - 5%;;Fast;50;70;#039 Use Moon Stone
#041 Zubat;40;45;35;30;40;55;245;40;45;35;30;40;55;245;Poison;Flying;Poison;Flying;Inner Focus;;Inner Focus;;;;MediumFast;255;70;Can evolve into #042
#042 Golbat;75;80;70;65;75;90;455;75;80;70;65;75;90;455;Poison;Flying;Poison;Flying;Inner Focus;;Inner Focus;;;;MediumFast;90;70;#041 Lv. 22 - Can evolve into #169
#043 Oddish;45;50;55;75;65;30;320;45;50;55;75;65;30;320;Grass;Poison;Grass;Poison;Chlorophyll;;Chlorophyll;Run Away;;;MediumSlow;255;70;Can evolve into #044
#044 Gloom;60;65;70;85;75;40;395;60;65;70;85;75;40;395;Grass;Poison;Grass;Poison;Chlorophyll;;Chlorophyll;Stench;;;MediumSlow;120;70;#043 Lv. 22 - Can evolve into #045, #182
#045 Vileplume;75;80;85;100;90;50;480;75;80;85;110;90;50;490;Grass;Poison;Grass;Poison;Chlorophyll;;Chlorophyll;Effect Spore;;;MediumSlow;45;70;#044 Use Leaf Stone
#046 Paras;35;70;55;45;55;25;285;35;70;55;45;55;25;285;Bug;Grass;Bug;Grass;Effect Spore;Dry Skin;Effect Spore;Dry Skin;Tiny Mushroom - 50%;Big Mushroom - 5%;MediumFast;190;70;Can evolve into #047
#047 Parasect;60;95;80;60;80;30;405;60;115;100;55;90;30;450;Bug;Grass;Bug;Grass;Effect Spore;Dry Skin;Effect Spore;Dry Skin;Tiny Mushroom - 50%;Big Mushroom - 5%;MediumFast;75;70;#046 Lv. 24
#048 Venonat;60;55;50;40;55;45;305;60;55;50;40;55;45;305;Bug;Poison;Bug;Poison;Compoundeyes;Tinted Lens;Tinted Lens;Compoundeyes;;;MediumFast;190;70;Can evolve into #049
#049 Venomoth;70;65;60;90;75;90;450;70;55;60;100;75;90;450;Bug;Poison;Bug;Poison;Shield Dust;Tinted Lens;Tinted Lens;Shield Dust;Shed Shell - 5%;;MediumFast;75;70;#048 Lv. 31
#050 Diglett;10;55;25;35;45;95;265;10;55;25;35;45;95;265;Ground;;Ground;;Sand Veil;Arena Trap;Sand Veil;Arena Trap;Soft Sand - 5%;;MediumFast;255;70;Can evolve into #051
#051 Dugtrio;35;80;50;50;70;120;405;35;100;50;50;70;120;425;Ground;;Ground;;Sand Veil;Arena Trap;Sand Veil;Arena Trap;Soft Sand - 5%;;MediumFast;50;70;#050 Lv. 26
#052 Meowth;40;45;35;40;40;90;290;40;45;35;40;40;90;290;Normal;;Normal;;Pickup;Technician;Technician;Pickup;Quick Claw - 5%;;MediumFast;255;70;Can evolve into #053
#053 Persian;65;70;60;65;65;115;440;65;80;60;80;65;115;465;Normal;;Normal;;Limber;Technician;Technician;Limber;Quick Claw - 5%;;MediumFast;90;70;#052 Lv. 28
#054 Psyduck;50;52;48;65;50;55;320;50;52;48;65;50;55;320;Water;;Water;;Damp;Cloud Nine;Damp;Cloud Nine;;;MediumFast;190;70;Can evolve into #055
#055 Golduck;80;82;78;95;80;85;500;80;82;78;95;80;85;500;Water;;Water;Psychic;Damp;Cloud Nine;Damp;Cloud Nine;;;MediumFast;75;70;#054 Lv. 33
#056 Mankey;40;80;35;35;45;70;305;40;80;35;35;45;70;305;Fighting;;Fighting;;Vital Spirit;Anger Point;Vital Spirit;Anger Point;;;MediumFast;190;70;Can evolve into #057
#057 Primeape;65;105;60;60;70;95;455;65;105;60;60;70;95;455;Fighting;;Fighting;;Vital Spirit;Anger Point;Vital Spirit;Anger Point;;;MediumFast;75;70;#056 Lv. 28
#058 Growlithe;55;70;45;70;50;60;350;55;70;45;70;50;60;350;Fire;;Fire;;Intimidate;Flash Fire;Intimidate;Flash Fire;;;Slow;190;70;Can evolve into #059
#059 Arcanine;90;110;80;100;80;95;555;90;110;80;100;80;95;555;Fire;;Fire;;Intimidate;Flash Fire;Intimidate;Flash Fire;;;Slow;75;70;#059 Use Fire Stone
#060 Poliwag;40;50;40;40;40;90;300;40;50;40;40;40;90;300;Water;;Water;;Water Absorb;Damp;Water Absorb;Damp;;;MediumSlow;255;70;Can evolve into #061
#061 Poliwhirl;65;65;65;50;50;90;385;65;65;65;50;50;90;385;Water;;Water;;Water Absorb;Damp;Water Absorb;Damp;King's Rock - 5%;;MediumSlow;120;70;#060 Lv. 25 - Can evolve into #062, #186
#062 Poliwrath;90;85;95;70;90;70;500;90;95;95;70;90;70;510;Water;Fighting;Water;Fighting;Water Absorb;Damp;Water Absorb;Damp;King's Rock - 5%;;MediumSlow;45;70;#061 Use Water Stone
#063 Abra;25;20;15;105;55;90;310;25;20;15;105;55;90;310;Psychic;;Psychic;;Synchronize;Inner Focus;Magic Guard;Synchronize;Twisted Spoon - 5%;;MediumSlow;200;70;Can evolve into #064
#064 Kadabra;40;35;30;120;70;105;400;40;35;30;120;70;105;400;Psychic;;Psychic;;Synchronize;Inner Focus;Magic Guard;Synchronize;Twisted Spoon - 5%;;MediumSlow;100;70;#063 Lv. 16 - Can evolve into #065
#065 Alakazam;55;50;45;135;85;120;490;55;50;45;135;95;120;500;Psychic;;Psychic;;Synchronize;Inner Focus;Magic Guard;Synchronize;Twisted Spoon - 5%;;MediumSlow;50;70;#064 Lv. 36
#066 Machop;70;80;50;35;35;35;305;70;80;50;35;35;35;305;Fighting;;Fighting;;Guts;No Guard;Guts;No Guard;Focus Band - 5%;;MediumSlow;180;70;Can evolve into #067
#067 Machoke;80;100;70;50;60;45;405;80;100;70;50;60;45;405;Fighting;;Fighting;;Guts;No Guard;Guts;No Guard;Focus Band - 5%;;MediumSlow;90;70;#066 Lv. 28 - Can evolve into #068
#068 Machamp;90;130;80;65;85;55;505;90;130;80;65;85;55;505;Fighting;;Fighting;;Guts;No Guard;Guts;No Guard;Focus Band - 5%;;MediumSlow;45;70;#067 Lv. 36
#069 Bellsprout;50;75;35;70;30;40;300;50;75;35;70;30;40;300;Grass;Poison;Grass;Poison;Chlorophyll;;Chlorophyll;Gluttony;;;MediumSlow;255;70;Can evolve into #070
#070 Weepinbell;65;90;50;85;45;55;390;65;90;50;85;45;55;390;Grass;Poison;Grass;Poison;Chlorophyll;;Chlorophyll;Gluttony;;;MediumSlow;120;70;#069 Lv. 21 - Can evolve into #071
#071 Victreebel;80;105;65;100;60;70;480;80;105;65;100;70;70;490;Grass;Poison;Grass;Poison;Chlorophyll;;Chlorophyll;Gluttony;;;MediumSlow;45;70;#070 Use Leaf Stone
#072 Tentacool;40;40;35;50;100;70;335;40;40;35;50;100;70;335;Water;Poison;Water;Poison;Clear Body;Liquid Ooze;Clear Body;Liquid Ooze;Poison Barb - 5%;;Slow;190;70;Can evolve into #073
#073 Tentacruel;80;70;65;80;120;100;515;80;70;65;80;120;100;515;Water;Poison;Water;Poison;Clear Body;Liquid Ooze;Clear Body;Liquid Ooze;Poison Barb - 5%;;Slow;60;70;#072 Lv. 30
#074 Geodude;40;80;100;30;30;20;300;40;80;100;30;30;20;300;Rock;Ground;Rock;Ground;Rock Head;Sturdy;Rock Head;Sturdy;;;MediumSlow;255;70;Can evolve into #075
#075 Graveler;55;95;115;45;45;35;390;55;95;115;45;45;35;390;Rock;Ground;Rock;Ground;Rock Head;Sturdy;Rock Head;Sturdy;;;MediumSlow;120;70;#074 Lv. 25 - Can evolve into #076
#076 Golem;80;110;130;55;65;45;485;80;120;130;55;65;45;495;Rock;Ground;Rock;Ground;Rock Head;Sturdy;Rock Head;Sturdy;;;MediumSlow;45;70;#075 Lv. 36
#077 Ponyta;50;85;55;65;65;90;410;50;85;55;65;65;90;410;Fire;;Fire;;Run Away;Flash Fire;Flame Body ;Flash Fire;;;MediumFast;190;70;Can evolve into #078
#078 Rapidash;65;100;70;80;80;105;500;65;100;70;80;80;105;500;Fire;;Fire;;Run Away;Flash Fire;Flame Body ;Flash Fire;;;MediumFast;60;70;#077 Lv. 35
#079 Slowpoke;90;65;65;40;40;15;315;90;65;65;40;40;15;315;Water;Psychic;Water;Psychic;Oblivious;Own Tempo;Oblivious;Own Tempo;Lagging Tail - 5%;;MediumFast;190;70;Can evolve into #080, #199
#080 Slowbro;95;75;110;100;80;30;490;95;75;110;100;80;30;490;Water;Psychic;Water;Psychic;Oblivious;Own Tempo;Oblivious;Own Tempo;King's Rock - 5%;;MediumFast;75;70;#079 Lv. 33
#081 Magnemite;25;35;70;95;55;45;325;25;35;70;95;55;45;325;Electric;Steel;Electric;Steel;Magnet Pull;Sturdy;Magnet Pull;Sturdy;Metal Coat - 5%;;MediumFast;190;70;Can evolve into #082
#082 Magneton;50;60;95;120;70;70;465;50;60;95;120;70;70;465;Electric;Steel;Electric;Steel;Magnet Pull;Sturdy;Magnet Pull;Sturdy;Metal Coat - 5%;;MediumFast;60;70;#081 Lv. 30 - Can evolve into #462
#083 Farfetch'd;52;65;55;58;62;60;352;55;110;60;55;60;110;450;Normal;Flying;Fighting ;Flying;Keen Eye;Inner Focus;Super Luck;Keen Eye;Stick - 5%;;MediumFast;45;70;N
#084 Doduo;35;85;45;35;35;75;310;35;85;45;35;35;75;310;Normal;Flying;Normal;Flying;Run Away;Early Bird;Tangled Feet;Early Bird;Sharp Beak - 5%;;MediumFast;190;70;Can evolve into #085
#085 Dodrio;60;110;70;60;60;100;460;60;110;70;60;60;110;470;Normal;Flying;Normal;Flying;Run Away;Early Bird;Tangled Feet;Early Bird;Sharp Beak - 5%;;MediumFast;45;70;#084 Lv. 31
#086 Seel;65;45;55;45;70;45;325;65;45;55;45;70;45;325;Water;;Water;;Thick Fat;Hydration;Thick Fat;Hydration;;;MediumFast;190;70;Can evolve into #087
#087 Dewgong;90;70;80;70;95;70;475;90;80;80;80;95;70;495;Water;Ice;Water;Ice;Thick Fat;Hydration;Thick Fat;Hydration;;;MediumFast;75;70;#086 Lv. 34
#088 Grimer;80;80;50;40;50;25;325;80;80;50;40;50;25;325;Poison;;Poison;;Stench;Sticky Hold;Stench;Sticky Hold;Black Sludge - 5%;;MediumFast;190;70;Can evolve into #089
#089 Muk;105;105;75;65;100;50;500;105;105;75;65;100;50;500;Poison;;Poison;;Stench;Sticky Hold;Stench;Sticky Hold;Black Sludge – 50%;;MediumFast;75;70;#088 Lv. 35
#090 Shellder;30;65;100;45;25;40;305;30;65;100;45;25;40;305;Water;;Water;;Shell Armor;Skill Link;Skill Link;Shell Armor;Pearl - 50%;Big Pearl - 5%;Slow;190;70;Can evolve into #091
#091 Cloyster;50;95;180;85;45;70;525;50;95;180;85;45;70;525;Water;Ice;Water;Ice;Shell Armor;Skill Link;Skill Link;Shell Armor;Pearl - 50%;Big Pearl - 5%;Slow;60;70;#090 Use Water Stone
#092 Gastly;30;35;30;100;35;80;310;30;35;30;100;35;80;310;Ghost;Poison;Ghost;Poison;Levitate;;Levitate;;;;MediumSlow;190;70;Can evolve into #093
#093 Haunter;45;50;45;115;55;95;405;45;50;45;115;55;95;405;Ghost;Poison;Ghost;Poison;Levitate;;Levitate;;;;MediumSlow;90;70;#092 Lv. 25 - Can evolve into #094
#094 Gengar;60;65;60;130;75;110;500;60;65;60;130;75;110;500;Ghost;Poison;Ghost;Poison;Levitate;;Levitate;;;;MediumSlow;45;70;#093 Lv. 36
#095 Onix;35;45;160;30;45;70;385;35;75;160;30;45;80;425;Rock;Ground;Rock;Ground;Rock Head;Sturdy;Rock Head;Sturdy;;;MediumFast;45;70;Can evolve into #208
#096 Drowzee;60;48;45;43;90;42;328;60;48;45;43;90;42;328;Psychic;;Psychic;;Insomnia;Forewarn;Insomnia;Forewarn;;;MediumFast;190;70;#096 Can evolve into #097
#097 Hypno;85;73;70;73;115;67;483;85;73;70;73;115;67;483;Psychic;;Psychic;;Insomnia;Forewarn;Insomnia;Forewarn;;;MediumFast;75;70;Lv. 26
#098 Krabby;30;105;90;25;25;50;325;30;105;90;25;25;50;325;Water;;Water;;Hyper Cutter;Shell Armor;Hyper Cutter;Shell Armor;;;MediumFast;225;70;Can evolve into #099
#099 Kingler;55;130;115;50;50;75;475;55;130;115;50;50;75;475;Water;;Water;;Hyper Cutter;Shell Armor;Hyper Cutter;Shell Armor;;;MediumFast;60;70;#098 Lv. 28
#100 Voltorb;40;30;50;55;55;100;330;40;30;50;55;55;100;330;Electric;;Electric;;Soundproof;Static;Soundproof;Static;;;MediumFast;190;70;Can evolve into #101
#101 Electrode;60;50;70;80;80;140;480;60;50;70;80;80;150;490;Electric;;Electric;;Soundproof;Static;Soundproof;Static;;;MediumFast;60;70;#100 Lv. 30
#102 Exeggcute;60;40;80;60;45;40;325;60;40;80;60;45;40;325;Grass;Psychic;Grass;Psychic;Chlorophyll;;Chlorophyll;;;;Slow;90;70;Can evolve into #103
#103 Exeggutor;95;95;85;125;65;55;520;95;95;85;125;75;55;530;Grass;Psychic;Grass;Psychic;Chlorophyll;;Chlorophyll;;;;Slow;45;70;#102 Use Leaf Stone
#104 Cubone;50;50;95;40;50;35;320;50;50;95;40;50;35;320;Ground;;Ground;;Rock Head;Lightningrod;Rock Head;Lightningrod;Thick Club - 5%;;MediumFast;190;70;Can evolve into #105
#105 Marowak;60;80;110;50;80;45;425;60;80;110;50;80;45;425;Ground;;Ground;;Rock Head;Lightningrod;Rock Head;Lightningrod;Thick Club - 5%;;MediumFast;75;70;#104 Lv. 28
#106 Hitmonlee;50;120;53;35;110;87;455;50;120;53;35;110;87;455;Fighting;;Fighting;;Limber;Reckless;Reckless;Limber;;;MediumFast;45;70;#236 Lv. 20 when Atk > Def
#107 Hitmonchan;50;105;79;35;110;76;455;50;105;79;35;110;76;455;Fighting;;Fighting;;Keen Eye;Iron Fist;Iron Fist;Keen Eye;;;MediumFast;45;70;#236 Lv. 20 when Atk < Def
#108 Lickitung;90;55;75;60;75;30;385;90;55;75;60;75;30;385;Normal;;Normal;;Own Tempo;Oblivious;Own Tempo;Oblivious;Lagging Tail - 5%;;MediumFast;45;70;Can evolve into #463
#109 Koffing;40;65;95;60;45;35;340;40;65;95;60;45;35;340;Poison;;Poison;;Levitate;;Levitate;;Smoke Ball - 5%;;MediumFast;190;70;Can evolve into #110
#110 Weezing;65;90;120;85;70;60;490;65;90;120;85;70;60;490;Poison;;Poison;;Levitate;;Levitate;;Smoke Ball - 5%;;MediumFast;60;70;#109 Lv. 35
#111 Rhyhorn;80;85;95;30;30;25;345;80;85;95;30;30;25;345;Ground;Rock;Ground;Rock;Lightningrod;Rock Head;Rock Head;Reckless;;;Slow;120;70;Can evolve into #464
#112 Rhydon;105;130;120;45;45;40;485;105;130;120;45;45;40;485;Ground;Rock;Ground;Rock;Lightningrod;Rock Head;Rock Head;Reckless;;;Slow;60;70;#111 Lv. 36
#113 Chansey;250;5;5;35;105;50;450;250;5;5;35;105;50;450;Normal;;Normal;;Natural Cure;Serene Grace;Serene Grace;Natural Cure;Lucky Punch - 50%;;Fast;30;140;#440 Lv. up during day w/ Oval Stone - Can evolve into #242
#114 Tangela;65;55;115;100;40;60;435;65;55;115;100;40;60;435;Grass;;Grass;;Chlorophyll;Leaf Guard;Chlorophyll;Leaf Guard;;;MediumFast;45;70;Can evolve into #465
#115 Kangaskhan;105;95;80;40;80;90;490;105;95;80;40;80;90;490;Normal;;Normal;;Early Bird;Scrappy;Scrappy;Early Bird;;;MediumFast;45;70;N
#116 Horsea;30;40;70;70;25;60;295;30;40;70;70;25;60;295;Water;;Water;;Swift Swim;Sniper;Swift Swim;Sniper;Dragon Scale - 5%;;MediumFast;225;70;Can evolve into #117
#117 Seadra;55;65;95;95;45;85;440;55;65;95;95;45;85;440;Water;;Water;;Poison Point;Sniper;Poison Point;Sniper;Dragon Scale - 5%;;MediumFast;75;70;#116 Lv. 32 - Can evolve into #230
#118 Goldeen;45;67;60;35;50;63;320;45;77;60;25;50;73;330;Water;;Water;;Swift Swim;Water Veil;Swift Swim;Water Veil;Mystic Water - 5%;;MediumFast;225;70;Can evolve into #119
#119 Seaking;80;92;65;65;80;68;450;80;122;80;45;80;78;485;Water;;Water;;Swift Swim;Water Veil;Swift Swim;Water Veil;Mystic Water - 5%;;MediumFast;60;70;#118 Lv. 33
#120 Staryu;30;45;55;70;55;85;340;30;45;55;70;55;85;340;Water;;Water;;Illuminate;Natural Cure;Illuminate;Natural Cure;Stardust - 50%;Star Piece - 5%;Slow;225;70;Can evolve into #121
#121 Starmie;60;75;85;100;85;115;520;60;75;85;100;85;115;520;Water;Psychic;Water;Psychic;Illuminate;Natural Cure;Illuminate;Natural Cure;Stardust - 50%;Star Piece - 5%;Slow;60;70;#120 Use Water Stone
#122 Mr. Mime;40;45;65;100;120;90;460;40;35;65;110;120;95;465;Psychic;;Psychic;Fairy;Soundproof;Filter;Filter;Technician;;;MediumFast;45;70;#439 Level up with Mimic
#123 Scyther;70;110;80;55;80;105;500;70;110;80;55;80;105;500;Bug;Flying;Bug;Flying;Swarm;Technician;Technician;Swarm;;;MediumFast;45;70;Can evolve into #212
#124 Jynx;65;50;35;115;95;95;455;75;40;35;125;95;95;465;Ice;Psychic;Ice;Psychic;Oblivious;Forewarn;Dry Skin;Forewarn;;;MediumFast;45;70;#238 Lv. 30 
#125 Electabuzz;65;83;57;95;85;105;490;65;83;57;95;85;105;490;Electric;;Electric;;Static;;Static;Vital Spirit;Electirizer - 5%;;MediumFast;45;70;#239 Lv. 30 - Can evolve into #466
#126 Magmar;65;95;57;100;85;93;495;65;95;57;100;85;93;495;Fire;;Fire;;Flame Body;;Flame Body;Vital Spirit;Magmarizer - 5%;;MediumFast;45;70;#240 Lv. 30 - Can evolve into #467
#127 Pinsir;65;125;100;55;70;85;500;65;125;100;55;70;85;500;Bug;;Bug;;Hyper Cutter;Mold Breaker;Hyper Cutter;Mold Breaker;;;Slow;45;70;N
#128 Tauros;75;100;95;40;70;110;490;75;100;95;40;70;110;490;Normal;;Normal;;Intimidate;Anger Point;Intimidate;Anger Point;;;Slow;45;70;N
#129 Magikarp;20;10;55;15;20;80;200;20;10;55;15;20;80;200;Water;;Water;;Swift Swim;;Swift Swim;;;;Slow;255;70;Can evolve into #130
#130 Gyarados;95;125;79;60;100;81;540;95;125;79;60;100;81;540;Water;Flying;Water;Flying;Intimidate;;Intimidate;;;;Slow;45;70;#129 Lv. 20
#131 Lapras;130;85;80;85;95;60;535;130;85;80;85;95;60;535;Water;Ice;Water;Ice;Water Absorb;Shell Armor;Water Absorb;Shell Armor;Mystic Water - 100%;;Slow;45;70;N
#132 Ditto;48;48;48;48;48;48;288;48;48;48;48;48;48;288;Normal;;Normal;;Limber;;Limber;;Quick Powder - 50%;Metal Powder - 5%;MediumFast;35;70;N
#133 Eevee;55;55;50;45;65;55;325;55;55;50;45;65;55;325;Normal;;Normal;;Run Away;Adaptability;Run Away;Adaptability;;;MediumFast;45;70;Can evolve into #134, #135, #136, #196, #197, #470, #471
#134 Vaporeon;130;65;60;110;95;65;525;130;65;60;110;95;65;525;Water;;Water;;Water Absorb;;Water Absorb;;;;MediumFast;45;70;#133 Use Water Stone
#135 Jolteon;65;65;60;110;95;130;525;65;65;60;110;95;130;525;Electric;;Electric;;Volt Absorb;;Volt Absorb;;;;MediumFast;45;70;#133 Use Thunderstone
#136 Flareon;65;130;60;95;110;65;525;110;130;60;65;65;95;525;Fire;;Fire;;Flash Fire;;Flash Fire;;;;MediumFast;45;70;#133 Use Fire Stone
#137 Porygon;65;60;70;85;75;40;395;65;60;70;85;75;40;395;Normal;;Normal;;Trace;Download;Trace;Download;;;MediumFast;45;70;Can evolve into #233
#138 Omanyte;35;40;100;90;55;35;355;35;40;100;90;55;35;355;Rock;Water;Rock;Water;Swift Swim;Shell Armor;Swift Swim;Shell Armor;;;MediumFast;45;70;Can evolve into #139
#139 Omastar;70;60;125;115;70;55;495;70;60;125;115;70;55;495;Rock;Water;Rock;Water;Swift Swim;Shell Armor;Swift Swim;Shell Armor;;;MediumFast;45;70;#138 Lv. 30
#140 Kabuto;30;80;90;55;45;55;355;30;80;90;55;45;55;355;Rock;Water;Rock;Water;Swift Swim;Battle Armor;Swift Swim;Battle Armor;;;MediumFast;45;70;Can evolve into #141
#141 Kabutops;60;115;105;65;70;80;495;60;115;105;65;70;80;495;Rock;Water;Rock;Water;Swift Swim;Battle Armor;Swift Swim;Battle Armor;;;MediumFast;45;70;#140 Lv. 30
#142 Aerodactyl;80;105;65;60;75;130;515;80;105;65;60;75;130;515;Rock;Flying;Rock;Flying;Rock Head;Pressure;Rock Head;Pressure;;;Slow;45;70;N
#143 Snorlax;160;110;65;65;110;30;540;160;110;65;65;110;30;540;Normal;;Normal;;Immunity;Thick Fat;Thick Fat;Immunity;Leftovers - 100%;;Slow;25;70;#446 Level up when friendship high
#144 Articuno;90;85;100;95;125;85;580;90;85;100;95;125;85;580;Ice;Flying;Ice;Flying;Pressure;;Pressure;Snow Cloak;;;Slow;3;35;N
#145 Zapdos;90;90;85;125;90;100;580;90;90;85;125;90;100;580;Electric;Flying;Electric;Flying;Pressure;;Pressure;Static;;;Slow;3;35;N
#146 Moltres;90;100;90;125;85;90;580;90;100;90;125;85;90;580;Fire;Flying;Fire;Flying;Pressure;;Pressure;Flame Body;;;Slow;3;35;N
#147 Dratini;41;64;45;50;50;50;300;41;64;45;50;50;50;300;Dragon;;Dragon;;Shed Skin;;Marvel Scale;Shed Skin;Dragon Scale - 5%;;Slow;45;35;Can evolve into #148
#148 Dragonair;61;84;65;70;70;70;420;61;84;65;70;70;70;420;Dragon;;Dragon;;Shed Skin;;Marvel Scale;Shed Skin;Dragon Scale - 5%;;Slow;45;35;#147 Lv. 30 - Can evolve into #149
#149 Dragonite;91;134;95;100;100;80;600;91;134;95;100;100;80;600;Dragon;Flying;Dragon;Flying;Inner Focus;;Marvel Scale;Inner Focus;Dragon Scale - 5%;;Slow;45;35;#148 Lv. 55
#150 Mewtwo;106;110;90;154;90;130;680;106;110;90;154;90;130;680;Psychic;;Psychic;;Pressure;;Pressure;;;;Slow;3;0;N
#151 Mew;100;100;100;100;100;100;600;100;100;100;100;100;100;600;Psychic;;Psychic;;Synchronize;;Synchronize;;Lum Berry - 100%;;MediumSlow;45;100;N
#152 Chikorita;45;49;65;49;65;45;318;45;49;65;49;65;45;318;Grass;;Grass;;Overgrow;;Serene Grace ;Overgrow;;;MediumSlow;45;70;Can evolve into #153
#153 Bayleef;60;62;80;63;80;60;405;60;62;80;63;80;60;405;Grass;;Grass;;Overgrow;;Serene Grace ;Overgrow;;;MediumSlow;45;70;#152 Lv. 16 - Can evolve into #154
#154 Meganium;80;82;100;83;100;80;525;80;82;100;93;100;80;535;Grass;;Grass;Fairy;Overgrow;;Serene Grace ;Overgrow;;;MediumSlow;45;70;#153 Lv. 32
#155 Cyndaquil;39;52;43;60;50;65;309;39;52;43;60;50;65;309;Fire;;Fire;;Blaze;;Adaptability ;Blaze;;;MediumSlow;45;70;Can evolve into #156
#156 Quilava;58;64;58;80;65;80;405;58;64;58;80;65;80;405;Fire;;Fire;;Blaze;;Adaptability ;Blaze;;;MediumSlow;45;70;#155 Lv. 14 - Can evolve into #157
#157 Typhlosion;78;84;78;109;85;100;534;78;79;73;124;80;101;535;Fire;;Fire;;Blaze;;Adaptability ;Blaze;;;MediumSlow;45;70;#156 Lv. 36
#158 Totodile;50;65;64;44;48;43;314;50;65;64;44;48;43;314;Water;;Water;;Torrent;;Intimidate ;Torrent;;;MediumSlow;45;70;Can evolve into #159
#159 Croconaw;65;80;80;59;63;58;405;65;80;80;59;63;58;405;Water;;Water;;Torrent;;Intimidate ;Torrent;;;MediumSlow;45;70;#158 Lv. 18 - Can evolve into #160
#160 Feraligatr;85;105;100;79;83;78;530;85;110;100;79;83;78;535;Water;;Water;Dark;Torrent;;Intimidate ;Torrent;;;MediumSlow;45;70;#159 Lv. 30
#161 Sentret;35;46;34;35;45;20;215;45;45;35;35;45;40;245;Normal;;Normal;;Run Away;Keen Eye;Run Away;Keen Eye;;;MediumFast;255;70;Can evolve into #162
#162 Furret;85;76;64;45;55;90;415;95;85;65;45;55;105;450;Normal;;Normal;;Run Away;Keen Eye;Scrappy ;Run Away;;;MediumFast;90;70;#161 Lv. 15
#163 Hoothoot;60;30;30;36;56;50;262;60;30;30;36;56;50;262;Normal;Flying;Normal;Flying;Insomnia;Keen Eye;Tinted Lens;Insomnia;;;MediumFast;255;70;Can evolve into #164
#164 Noctowl;100;50;50;76;96;70;442;100;40;40;106;116;60;462;Normal;Flying;Psychic;Flying;Insomnia;Keen Eye;Tinted Lens;Insomnia;;;MediumFast;90;70;#163 Lv. 20
#165 Ledyba;40;20;30;40;80;55;265;40;50;30;20;80;55;275;Bug;Flying;Bug;Flying;Swarm;Early Bird;Technician ;Iron Fist;;;Fast;255;70;Can evolve into #166
#166 Ledian;55;35;50;55;110;85;390;65;105;50;35;110;85;450;Bug;Flying;Bug;Flying;Swarm;Early Bird;Technician ;Iron Fist;;;Fast;90;70;#165 Lv. 18
#167 Spinarak;40;60;40;40;40;30;250;40;70;40;40;40;45;275;Bug;Poison;Bug;Poison;Swarm;Insomnia;Swarm;Insomnia;;;Fast;255;70;Can evolve into #168
#168 Ariados;70;90;70;60;60;40;390;70;110;70;50;70;80;450;Bug;Poison;Bug;Poison;Swarm;Insomnia;Swarm;Insomnia;;;Fast;90;70;#167 Lv. 22
#169 Crobat;85;90;80;70;80;130;535;85;90;80;70;80;130;535;Poison;Flying;Poison;Flying;Inner Focus;;Inner Focus;;;;MediumFast;90;70;#042 Level up when friendship high
#170 Chinchou;75;38;38;56;56;67;330;75;38;38;56;56;67;330;Water;Electric;Water;Electric;Volt Absorb;Illuminate;Volt Absorb;Water Absorb;Deep Sea Scale - 5%;;Slow;190;70;Can evolve into #171
#171 Lanturn;125;58;58;76;76;67;460;125;58;58;76;76;67;460;Water;Electric;Water;Electric;Volt Absorb;Illuminate;Volt Absorb;Water Absorb;Deep Sea Scale - 5%;;Slow;75;70;#170 Lv. 27
#172 Pichu;20;40;15;35;35;60;205;20;40;15;35;35;60;205;Electric;;Electric;;Static;;Static;Lightning Rod;;;MediumFast;190;180;Can evolve into #025
#173 Cleffa;50;25;28;45;55;15;218;50;25;28;45;55;15;218;Normal;;Fairy;;Cute Charm;Magic Guard;Cute Charm;Magic Guard;Moon Stone - 5%;;Fast;150;180;Can evolve into #035
#174 Igglybuff;90;30;15;40;20;15;210;90;30;15;40;20;15;210;Normal;;Normal;Fairy;Cute Charm;;Cute Charm;Magic Guard;;;Fast;170;180;Can evolve into #039
#175 Togepi;35;20;65;40;65;20;245;35;20;65;40;65;20;245;Normal;;Fairy;;Hustle;Serene Grace;Super Luck;Serene Grace;;;Fast;190;180;Can evolve into #0176
#176 Togetic;55;40;85;80;105;40;405;55;40;85;80;105;40;405;Normal;Flying;Fairy;Flying;Hustle;Serene Grace;Super Luck;Serene Grace;;;Fast;75;70;#175 Level up when friendship high - Can evolve into #468
#177 Natu;40;50;45;70;45;70;320;40;50;45;70;45;70;320;Psychic;Flying;Psychic;Flying;Synchronize;Early Bird;Synchronize;Early Bird;;;MediumFast;190;70;Can evolve into #178
#178 Xatu;65;75;70;95;70;95;470;65;75;70;95;70;95;470;Psychic;Flying;Psychic;Flying;Synchronize;Early Bird;Synchronize;Early Bird;;;MediumFast;75;70;#177 Lv. 25
#179 Mareep;55;40;40;65;45;35;280;55;40;40;65;45;35;280;Electric;;Electric;;Static;;Static;;;;MediumSlow;235;70;Can evolve into #180
#180 Flaaffy;70;55;55;80;60;45;365;70;55;55;80;60;45;365;Electric;;Electric;;Static;;Static;;;;MediumSlow;120;70;#179 Lv. 15 - Can evolve into #181
#181 Ampharos;90;75;75;115;90;55;500;90;75;85;115;90;55;510;Electric;;Electric;Dragon;Static;;Static;;;;MediumSlow;45;70;#180 Lv. 30
#182 Bellossom;75;80;85;90;100;50;480;75;80;85;90;100;50;480;Grass;;Grass;;Chlorophyll;;Chlorophyll;Own Tempo;;;MediumSlow;45;70;#044 Use Sun Stone
#183 Marill;70;20;50;20;50;40;250;70;20;50;40;50;40;270;Water;;Water;Fairy;Thick Fat;Huge Power;Huge Power;Thick Fat;;;Fast;190;70;#298 Level up when friendship high - Can evolve into #184
#184 Azumarill;100;50;80;50;80;50;410;110;50;80;80;80;50;450;Water;;Water;Fairy;Thick Fat;Huge Power;Huge Power;Thick Fat;;;Fast;75;70;#183 Lv. 18
#185 Sudowoodo;70;100;115;30;65;30;410;90;115;125;30;75;30;465;Rock;;Rock;;Sturdy;Rock Head;Rock Head;Sturdy;;;MediumFast;65;70;#438 Level up with Mimic
#186 Politoed;90;75;75;90;100;70;500;90;75;75;90;100;70;500;Water;;Water;;Water Absorb;Damp;Drizzle ;Damp;King's Rock - 5%;;MediumSlow;45;70;#061 Use King's Rock
#187 Hoppip;35;35;40;35;55;50;250;35;35;40;45;55;50;260;Grass;Flying;Grass;Flying;Chlorophyll;Leaf Guard;Chlorophyll;Leaf Guard;;;MediumSlow;255;70;Can evolve into #187
#188 Skiploom;55;45;50;45;65;80;340;55;45;50;65;65;80;360;Grass;Flying;Grass;Flying;Chlorophyll;Leaf Guard;Chlorophyll;Leaf Guard;;;MediumSlow;120;70;#186 Lv. 18 - Can evolve into #188
#189 Jumpluff;75;55;70;55;85;110;450;75;55;70;85;95;110;490;Grass;Flying;Grass;Flying;Chlorophyll;Leaf Guard;Chlorophyll;Leaf Guard;;;MediumSlow;45;70;#187 Lv. 27
#190 Aipom;55;70;55;40;55;85;360;55;70;55;40;55;85;360;Normal;;Normal;;Run Away;Pickup;Run Away;Pickup;;;Fast;45;70;Can evolve into #424
#191 Sunkern;30;30;30;30;30;30;180;30;30;30;30;30;30;180;Grass;;Grass;;Chlorophyll;Solar Power;Chlorophyll;Solar Power;;;MediumSlow;235;70;Can evolve into #192
#192 Sunflora;75;75;55;105;85;30;425;85;55;85;125;95;30;475;Grass;;Grass;;Chlorophyll;Solar Power;Chlorophyll;Solar Power;;;MediumSlow;120;70;#191 Use Sun Stone
#193 Yanma;65;65;45;75;45;95;390;65;65;45;75;45;95;390;Bug;Flying;Bug;Flying;Speed Boost;Compoundeyes;Speed Boost;Compoundeyes;Wide Lens - 5%;;MediumFast;75;70;Can evolve into #469
#194 Wooper;55;45;45;25;25;15;210;55;55;55;25;25;15;230;Water;Ground;Water;Ground;Damp;Water Absorb;Water Absorb;Unaware;;;MediumFast;255;70;Can evolve into #195
#195 Quagsire;95;85;85;65;65;35;430;95;95;95;65;65;35;450;Water;Ground;Water;Ground;Damp;Water Absorb;Water Absorb;Unaware;;;MediumFast;90;70;#195 Lv. 20
#196 Espeon;65;65;60;130;95;110;525;65;65;60;130;95;110;525;Psychic;;Psychic;;Synchronize;;Synchronize;;;;MediumFast;45;70;#133 Use Sun Stone
#197 Umbreon;95;65;110;60;130;65;525;95;65;110;60;130;65;525;Dark;;Dark;;Synchronize;;Synchronize;;;;MediumFast;45;35;#133 Use Moon Stone
#198 Murkrow;60;85;42;85;42;91;405;60;85;42;85;42;91;405;Dark;Flying;Dark;Flying;Insomnia;Super Luck;Super Luck;Insomnia;;;MediumSlow;30;35;Can evolve into #430
#199 Slowking;95;75;80;100;110;30;490;95;75;80;100;110;30;490;Water;Psychic;Water;Psychic;Oblivious;Own Tempo;Oblivious;Own Tempo;King's Rock - 5%;;MediumFast;70;70;#079 Use King's Rock
#200 Misdreavus;60;60;60;85;85;85;435;60;60;60;85;85;85;435;Ghost;;Ghost;Fairy;Levitate;;Levitate;;;;Fast;45;35;Can evolve into #429
#201 Unown;48;72;48;72;48;48;336;54;108;54;108;54;54;432;Psychic;;Psychic;;Levitate;;Levitate;;;;MediumFast;255;70;N
#202 Wobbuffet;190;33;58;33;58;33;405;190;33;58;33;58;33;405;Psychic;;Psychic;;Shadow Tag;;Shadow Tag;;;;MediumFast;45;70;#360 Lv. 15
#203 Girafarig;70;80;65;90;65;85;455;70;80;65;90;65;85;455;Normal;Psychic;Normal;Psychic;Inner Focus;Early Bird;Inner Focus;Early Bird;;;MediumFast;60;70;N
#204 Pineco;50;65;90;35;35;15;290;50;65;90;35;35;15;290;Bug;;Bug;;Sturdy;;Sturdy;;;;MediumFast;190;70;Can evolve into #205
#205 Forretress;75;90;140;60;60;40;465;75;90;140;60;60;40;465;Bug;Steel;Bug;Steel;Sturdy;;Sturdy;;;;MediumFast;75;70;#204 Lv. 31
#206 Dunsparce;100;70;70;65;65;45;415;105;95;95;55;55;45;450;Normal;;Normal;;Serene Grace;Run Away;Serene Grace;Run Away;;;MediumFast;190;70;N
#207 Gligar;65;75;105;35;65;85;430;65;75;105;35;65;85;430;Ground;Flying;Ground;Flying;Hyper Cutter;Sand Veil;Immunity ;Hyper Cutter;;;MediumSlow;60;70;Can evolve into #472
#208 Steelix;75;85;200;55;65;30;510;75;105;200;45;65;30;520;Steel;Ground;Steel;Ground;Rock Head;Sturdy;Rock Head;Sturdy;Metal Coat - 5%;;MediumFast;25;70;#095 Use Metal Coat
#209 Snubbull;60;80;50;40;40;30;300;60;80;50;40;40;30;300;Normal;;Fairy;;Intimidate;Run Away;Intimidate;Run Away;;;Fast;190;70;Can evolve into #210
#210 Granbull;90;120;75;60;60;45;450;90;120;75;60;60;45;450;Normal;;Fairy;;Intimidate;Quick Feet;Intimidate;Quick Feet;;;Fast;75;70;#209 Lv. 23
#211 Qwilfish;65;95;75;55;55;85;430;65;95;95;45;55;95;450;Water;Poison;Water;Poison;Poison Point;Swift Swim;Poison Point;Swift Swim;Poison Barb - 5%;;MediumFast;45;70;N
#212 Scizor;70;130;100;55;80;65;500;70;130;100;55;80;65;500;Bug;Steel;Bug;Steel;Swarm;Technician;Technician ;Swarm;;;MediumFast;25;70;#123 Use Metal Coat
#213 Shuckle;20;10;230;10;230;5;505;20;10;230;10;230;5;505;Bug;Rock;Bug;Rock;Sturdy;Gluttony;Sturdy;Gluttony;Berry Juice - 100%;;MediumSlow;190;70;N
#214 Heracross;80;125;75;40;95;85;500;80;125;75;40;95;85;500;Bug;Fighting;Bug;Fighting;Swarm;Guts;Guts ;Skill Link;;;Slow;45;70;N
#215 Sneasel;55;95;55;35;75;115;430;55;95;55;35;75;115;430;Dark;Ice;Dark;Ice;Inner Focus;Keen Eye;Technician ;Inner Focus;Quick Claw - 5%;;MediumSlow;60;35;Can evolve into #461
#216 Teddiursa;60;80;50;50;50;40;330;60;80;50;50;50;40;330;Normal;;Normal;;Pickup;Quick Feet;Pickup;Quick Feet;;;MediumFast;120;70;Can evolve into #217
#217 Ursaring;90;130;75;75;75;55;500;90;130;75;75;75;55;500;Normal;;Normal;;Guts;Quick Feet;Guts;Quick Feet;;;MediumFast;60;70;#216 Lv. 30
#218 Slugma;40;40;40;70;40;20;250;50;50;50;90;50;20;310;Fire;;Fire;;Magma Armor;Flame Body;Magma Armor;Flame Body;;;MediumFast;190;70;Can evolve into #219
#219 Magcargo;50;50;120;80;80;30;410;60;50;150;110;100;30;500;Fire;Rock;Fire;Rock;Magma Armor;Flame Body;Solid Rock;Flame Body;;;MediumFast;75;70;#218 Lv. 32
#220 Swinub;50;50;40;30;30;50;250;50;50;40;30;30;50;250;Ice;Ground;Ice;Ground;Oblivious;Snow Cloak;Thick Fat;Snow Cloak;;;Slow;225;70;Can evolve into #221
#221 Piloswine;100;100;80;60;60;50;450;100;100;80;60;60;50;450;Ice;Ground;Ice;Ground;Oblivious;Snow Cloak;Thick Fat;Snow Cloak;;;Slow;75;70;#220 Lv. 33 - Can evolve into #473
#222 Corsola;55;55;85;65;85;35;410;65;45;115;90;115;35;465;Water;Rock;Water;Rock;Hustle;Natural Cure;Hustle;Natural Cure;Hard Stone - 5%;;Fast;60;70;N
#223 Remoraid;35;65;35;65;35;65;300;35;65;35;65;35;65;300;Water;;Water;;Hustle;Sniper;Hustle;Sniper;;;MediumFast;190;70;Can evolve into #224
#224 Octillery;75;105;75;105;75;45;480;75;105;75;105;75;45;480;Water;;Water;;Suction Cups;Sniper;Suction Cups;Sniper;;;MediumFast;75;70;#223 Lv. 25
#225 Delibird;45;55;45;65;45;75;330;45;85;50;110;50;110;450;Ice;Flying;Ice;Flying;Vital Spirit;Hustle;Technician ;Hustle;;;Fast;45;70;N
#226 Mantine;65;40;70;80;140;70;465;85;40;70;80;140;70;485;Water;Flying;Water;Flying;Swift Swim;Water Absorb;Swift Swim;Water Absorb;;;Slow;25;70;#458 Level with Remoraid in team
#227 Skarmory;65;80;140;40;70;70;465;65;80;140;40;70;70;465;Steel;Flying;Steel;Flying;Keen Eye;Sturdy;Keen Eye;Sturdy;Metal Coat - 5%;;Slow;25;70;N
#228 Houndour;45;60;30;80;50;65;330;45;60;30;80;50;65;330;Dark;Fire;Dark;Fire;Early Bird;Flash Fire;Intimidate ;Flash Fire;;;Slow;120;35;Can evolve into #229
#229 Houndoom;75;90;50;110;80;95;500;75;90;50;110;80;95;500;Dark;Fire;Dark;Fire;Early Bird;Flash Fire;Intimidate ;Flash Fire;;;Slow;45;35;#228 Lv. 24
#230 Kingdra;75;95;95;95;95;85;540;75;95;95;95;95;85;540;Water;Dragon;Water;Dragon;Swift Swim;Sniper;Swift Swim;Sniper;Dragon Scale - 5%;;MediumFast;45;70;#117 Use Dragon Scale
#231 Phanpy;90;60;60;40;40;40;330;90;60;60;40;40;40;330;Ground;;Ground;;Pickup;;Sand Veil;Pickup;;;MediumFast;120;70;Can evolve into #232
#232 Donphan;90;120;120;60;60;50;500;90;120;120;60;60;50;500;Ground;;Ground;;Sturdy;;Sand Veil;Sturdy;;;MediumFast;60;70;#231 Lv. 25
#233 Porygon2;85;80;90;105;95;60;515;85;80;90;105;95;60;515;Normal;;Normal;;Trace;Download;Trace;Download;;;MediumFast;45;70;#137 Use Up-Grade - Can evolve into #474
#234 Stantler;73;95;62;85;65;85;465;73;95;62;85;65;85;465;Normal;;Normal;;Intimidate;Frisk;Intimidate;Frisk;;;Slow;45;70;N
#235 Smeargle;55;20;35;20;45;75;250;55;20;35;20;45;75;250;Normal;;Normal;;Own Tempo;Technician;Technician;Own Tempo;;;Fast;45;70;N
#236 Tyrogue;35;35;35;35;35;35;210;35;35;35;35;35;35;210;Fighting;;Fighting;;Guts;Steadfast;Steadfast ;Guts;;;MediumFast;75;70;Can evolve into #106, #107, #237
#237 Hitmontop;50;95;95;35;110;70;455;50;95;95;35;110;70;455;Fighting;;Fighting;;Intimidate;Technician;Technician ;Intimidate;;;MediumFast;45;70;#236 Lv. 20 when Atk = Def
#238 Smoochum;45;30;15;85;65;65;305;45;30;15;95;65;65;315;Ice;Psychic;Ice;Psychic;Oblivious;Forewarn;Hydration ;Forewarn;;;MediumFast;45;70;Can evolve into #124
#239 Elekid;45;63;37;65;55;95;360;45;63;37;65;55;95;360;Electric;;Electric;;Static;;Static;Vital Spirit;Electirizer - 5%;;MediumFast;45;70;Can evolve into #125
#240 Magby;45;75;37;70;55;83;365;45;75;37;70;55;83;365;Fire;;Fire;;Flame Body;;Flame Body;Vital Spirit;Magmarizer - 5%;;MediumFast;45;70;Can evolve into #126
#241 Miltank;95;80;105;40;70;100;490;95;80;105;40;70;100;490;Normal;;Normal;;Thick Fat;Scrappy;Thick Fat;Scrappy;Moomoo Milk - 100%;;Slow;45;70;N
#242 Blissey;255;10;10;75;135;55;540;255;10;10;75;135;55;540;Normal;;Normal;;Natural Cure;Serene Grace;Serene Grace;Natural Cure;Lucky Egg - 5%;;Fast;30;140;#440 Level up when friendship high
#243 Raikou;90;85;75;115;100;115;580;90;85;75;115;100;115;580;Electric;;Electric;;Pressure;;Pressure;Inner Focus;;;Slow;3;35;N
#244 Entei;115;115;85;90;75;100;580;115;115;85;90;75;100;580;Fire;;Fire;;Pressure;;Pressure;Inner Focus;;;Slow;3;35;N
#245 Suicune;100;75;115;90;115;85;580;100;75;115;90;115;85;580;Water;;Water;;Pressure;;Pressure;Inner Focus;;;Slow;3;35;N
#246 Larvitar;50;64;50;45;50;41;300;50;64;50;45;50;41;300;Rock;Ground;Rock;Ground;Guts;;Guts;;;;Slow;45;35;Can evolve into #247
#247 Pupitar;70;84;70;65;70;51;410;70;84;70;65;70;51;410;Rock;Ground;Rock;Ground;Shed Skin;;Shed Skin;;;;Slow;45;35;#246 Lv. 30 - Can evolve into #248
#248 Tyranitar;100;134;110;95;100;61;600;100;134;110;95;100;61;600;Rock;Dark;Rock;Dark;Sand Stream;;Sand Stream;;;;Slow;45;35;#247 Lv. 55
#249 Lugia;106;90;130;90;154;110;680;106;90;130;90;154;110;680;Psychic;Flying;Psychic;Flying;Pressure;;Pressure;;;;Slow;3;0;N
#250 Ho-oh;106;130;90;110;154;90;680;106;130;90;110;154;90;680;Fire;Flying;Fire;Flying;Pressure;;Pressure;;Sacred Ash - 100%;;Slow;3;0;N
#251 Celebi;100;100;100;100;100;100;600;100;100;100;100;100;100;600;Psychic;Grass;Psychic;Grass;Natural Cure;;Natural Cure;;Lum Berry - 100%;;MediumSlow;45;100;N
#252 Treecko;40;45;35;65;55;70;310;40;45;35;65;55;70;310;Grass;;Grass;;Overgrow;;Unburden ;Overgrow;;;MediumSlow;45;70;Can evolve into #253
#253 Grovyle;50;65;45;85;65;95;405;50;65;45;85;65;95;405;Grass;;Grass;;Overgrow;;Unburden ;Overgrow;;;MediumSlow;45;70;#252 Lv. 16 - Can evolve into #254
#254 Sceptile;70;85;65;105;85;120;530;70;90;65;110;80;120;535;Grass;;Grass;Dragon;Overgrow;;Unburden ;Overgrow;;;MediumSlow;45;70;#253 Lv. 36
#255 Torchic;45;60;40;70;50;45;310;45;60;40;70;50;45;310;Fire;;Fire;;Blaze;;Speed Boost;Blaze;;;MediumSlow;45;70;Can evolve into #256
#256 Combusken;60;85;60;85;60;55;405;60;85;60;85;60;55;405;Fire;Fighting;Fire;Fighting;Blaze;;Speed Boost;Blaze;;;MediumSlow;45;70;#255 Lv. 16 - Can evolve into #257
#257 Blaziken;80;120;70;110;70;80;530;80;120;75;110;70;80;535;Fire;Fighting;Fire;Fighting;Blaze;;Speed Boost;Blaze;;;MediumSlow;45;70;#256 Lv. 36
#258 Mudkip;50;70;50;50;50;40;310;50;70;50;50;50;40;310;Water;;Water;;Torrent;;Torrent;Damp;;;MediumSlow;45;70;Can evolve into #259
#259 Marshtomp;70;85;70;60;70;50;405;70;85;70;60;70;50;405;Water;Ground;Water;Ground;Torrent;;Torrent;Damp;;;MediumSlow;45;70;#258 Lv. 16 - Can evolve into #260
#260 Swampert;100;110;90;85;90;60;535;100;110;90;85;90;60;535;Water;Ground;Water;Ground;Torrent;;Torrent;Damp;;;MediumSlow;45;70;#259 Lv. 36
#261 Poochyena;35;55;35;30;30;35;220;35;75;35;30;30;65;270;Dark;;Dark;;Run Away;Quick Feet;Run Away;Quick Feet;;;MediumFast;255;70;Can evolve into #262
#262 Mightyena;70;90;70;60;60;70;420;70;110;70;60;60;95;465;Dark;;Dark;;Intimidate;Quick Feet;Intimidate;Quick Feet;;;MediumFast;127;70;#261 Lv. 18
#263 Zigzagoon;38;30;41;30;41;60;240;38;40;41;30;41;60;250;Normal;;Normal;;Pickup;Gluttony;Pickup;Gluttony;Potion - 50%;Revive - 5%;MediumFast;255;70;Can evolve into #264
#264 Linoone;78;70;61;50;61;100;420;85;85;60;50;60;110;450;Normal;;Normal;;Pickup;Gluttony;Pickup;Gluttony;Potion - 50%;Max Revive - 5%;MediumFast;90;70;#263 Lv. 20
#265 Wurmple;45;45;35;20;30;20;195;45;45;35;20;30;20;195;Bug;;Bug;;Shield Dust;;Shield Dust;Run Away;Pecha Berry - 50%;Bright Powder - 5%;MediumFast;255;70;Can evolve into #266, #268
#266 Silcoon;50;35;55;25;25;15;205;50;35;55;25;25;15;205;Bug;;Bug;;Shed Skin;;Shed Skin;Shed Skin;;;MediumFast;120;70;#265 Lv. 7 - Can evolve into #267
#267 Beautifly;60;70;50;90;50;65;385;60;70;60;125;60;75;450;Bug;Flying;Bug;Flying;Swarm;;Swarm;Rivalry;Shed Shell - 5%;;MediumFast;45;70;#266 Lv. 10
#268 Cascoon;50;35;55;25;25;15;205;50;35;55;25;25;15;205;Bug;;Bug;;Shed Skin;;Shed Skin;Shed Skin;Shed Shell - 5%;;MediumFast;120;70;#265 Lv. 7 - Can evolve into #269
#269 Dustox;60;50;70;50;90;65;385;60;50;75;75;115;75;450;Bug;Poison;Bug;Poison;Shield Dust;;Shield Dust;Compoundeyes;;;MediumFast;45;70;#268 Lv. 10
#270 Lotad;40;30;30;40;50;30;220;40;30;30;40;50;30;220;Water;Grass;Water;Grass;Swift Swim;Rain Dish;Swift Swim;Rain Dish;Mental Herb - 5%;;MediumSlow;255;70;Can evolve into #271
#271 Lombre;60;50;50;60;70;50;340;60;50;50;60;70;50;340;Water;Grass;Water;Grass;Swift Swim;Rain Dish;Swift Swim;Rain Dish;Mental Herb - 5%;;MediumSlow;120;70;#270 Lv. 14 - Can evolve into #272
#272 Ludicolo;80;70;70;90;100;70;480;80;70;70;90;100;70;480;Water;Grass;Water;Grass;Swift Swim;Rain Dish;Swift Swim;Rain Dish;Mental Herb - 5%;;MediumSlow;45;70;#271 Use Water Stone
#273 Seedot;40;40;50;30;30;30;220;40;40;50;30;30;30;220;Grass;;Grass;;Chlorophyll;Early Bird;Chlorophyll;Early Bird;Power Herb - 5%;;MediumSlow;255;70;Can evolve into #274
#274 Nuzleaf;70;70;40;60;40;60;340;70;70;40;60;40;60;340;Grass;Dark;Grass;Dark;Chlorophyll;Early Bird;Chlorophyll;Early Bird;Power Herb - 5%;;MediumSlow;120;70;#273 Lv. 14 - Can evolve into #275
#275 Shiftry;90;100;60;90;60;80;480;90;100;60;90;60;80;480;Grass;Dark;Grass;Dark;Chlorophyll;Early Bird;Chlorophyll;Early Bird;Power Herb - 5%;;MediumSlow;45;70;#274 Use Leaf Stone
#276 Taillow;40;55;30;30;30;85;270;40;55;30;30;30;85;270;Normal;Flying;Normal;Flying;Guts;;Guts;Scrappy;;;MediumSlow;200;70;Can evolve into #277
#277 Swellow;60;85;60;50;50;125;430;60;90;60;80;50;125;465;Normal;Flying;Normal;Flying;Guts;;Guts;Scrappy;;;MediumSlow;45;70;#276 Lv. 22
#278 Wingull;40;30;30;55;30;85;270;40;30;30;55;30;85;270;Water;Flying;Water;Flying;Keen Eye;;Hydration;Keen Eye;;;MediumFast;190;70;Can evolve into #279
#279 Pelipper;60;50;100;85;70;65;430;60;50;110;95;80;65;460;Water;Flying;Water;Flying;Keen Eye;;Drizzle;Keen Eye;Lucky Egg - 5%;;MediumFast;45;70;#278 Lv. 25
#280 Ralts;28;25;25;45;35;40;198;28;25;25;65;55;40;238;Psychic;;Psychic;Fairy;Synchronize;Trace;Synchronize;Trace;;;Slow;235;35;Can evolve into #281
#281 Kirlia;38;35;35;65;55;50;278;38;35;35;95;85;50;338;Psychic;;Psychic;Fairy;Synchronize;Trace;Synchronize;Trace;;;Slow;120;35;#280 Lv. 20 - Can evolve into #282, #475
#282 Gardevoir;68;65;65;125;115;80;518;68;65;65;125;115;80;518;Psychic;;Psychic;Fairy;Synchronize;Trace;Synchronize;Trace;;;Slow;45;35;#281 Lv. 30
#283 Surskit;40;30;32;50;52;65;269;40;30;30;55;55;65;275;Bug;Water;Bug;Water;Swift Swim;;Swift Swim;;Honey - 50%;;MediumFast;200;70;Can evolve into #284
#284 Masquerain;70;60;62;80;82;60;414;70;50;50;110;100;100;480;Bug;Flying;Bug;Water;Intimidate;;Intimidate;;SilverPowder - 5%;;MediumFast;75;70;#283 Lv. 22
#285 Shroomish;60;40;60;40;60;35;295;60;40;60;40;60;35;295;Grass;;Grass;;Effect Spore;Poison Heal;Technician ;Poison Heal;Tiny Mushroom - 50%;Big Mushroom - 5%;Fluctuating;255;70;Can evolve into #286
#286 Breloom;60;130;80;60;60;70;460;60;130;80;60;60;70;460;Grass;Fighting;Grass;Fighting;Effect Spore;Poison Heal;Technician ;Poison Heal;Tiny Mushroom - 50%;Big Mushroom - 5%;Fluctuating;90;70;#285 Lv. 23
#287 Slakoth;60;60;60;35;35;30;280;60;60;60;35;35;30;280;Normal;;Normal;;Truant;;Truant;;;;Slow;255;70;Can evolve into #288
#288 Vigoroth;80;80;80;55;55;90;440;80;80;80;55;55;90;440;Normal;;Normal;;Vital Spirit;;Vital Spirit;;;;Slow;120;70;#287 Lv. 18 - Can evolve into #289
#289 Slaking;150;160;100;95;65;100;670;150;160;100;95;65;100;670;Normal;;Normal;;Truant;;Truant;;;;Slow;45;70;#288 Lv. 36
#290 Nincada;31;45;90;30;30;40;266;31;45;90;30;30;40;266;Bug;Ground;Bug;Ground;Compoundeyes;;Compoundeyes;;Soft Sand - 5%;;Erratic;255;70;Can evolve into #291, #292
#291 Ninjask;61;90;45;50;50;160;456;61;90;45;50;50;160;456;Bug;Flying;Bug;Flying;Speed Boost;;Speed Boost;;;;Erratic;120;70;#290 Lv. 20
#292 Shedinja;1;90;45;30;30;40;236;1;90;45;30;30;40;236;Bug;Ghost;Bug;Ghost;Wonder Guard;;Wonder Guard;;;;Erratic;45;70;#290 Lv. 20 with an empty slot in team
#293 Whismur;64;51;23;51;23;28;240;64;51;23;51;23;28;240;Normal;;Normal;;Soundproof;;Soundproof;Scrappy;;;MediumSlow;190;70;Can evolve into #294
#294 Loudred;84;71;43;71;43;48;360;84;71;43;71;43;48;360;Normal;;Normal;;Soundproof;;Soundproof;Scrappy;;;MediumSlow;120;70;#293 Lv. 20 - Can evolve into #295
#295 Exploud;104;91;63;91;63;68;480;104;91;63;91;73;68;490;Normal;;Normal;;Soundproof;;Soundproof;Scrappy;;;MediumSlow;45;70;#294 Lv. 40
#296 Makuhita;72;60;30;20;30;25;237;72;60;30;20;30;25;237;Fighting;;Fighting;;Thick Fat;Guts;Thick Fat;Guts;Black Belt - 5%;;Fluctuating;180;70;Can evolve into #297
#297 Hariyama;144;120;60;40;60;50;474;144;120;60;40;60;50;474;Fighting;;Fighting;;Thick Fat;Guts;Thick Fat;Guts;King's Rock - 5%;;Fluctuating;200;70;#296 Lv. 24
#298 Azurill;50;20;40;20;40;20;190;50;20;40;40;40;20;210;Normal;;Normal;Fairy;Thick Fat;Huge Power;Huge Power;Thick Fat;;;Fast;150;180;Can evolve into #183
#299 Nosepass;30;45;135;45;90;30;375;30;35;135;55;90;30;375;Rock;;Rock;;Sturdy;Magnet Pull;Sturdy;Magnet Pull;Magnet - 5%;;MediumFast;255;70;Can evolve into #476
#300 Skitty;50;45;45;35;35;50;260;50;50;50;40;40;60;290;Normal;;Normal;;Cute Charm;Normalize;Cute Charm;Normalize;;;Fast;255;70;Can evolve into #301
#301 Delcatty;70;65;65;55;55;70;380;70;95;65;85;55;95;465;Normal;;Normal;;Cute Charm;Normalize;Cute Charm;Normalize;;;Fast;60;70;#300 Use Moon Stone
#302 Sableye;50;75;75;65;65;50;380;50;85;95;85;85;50;450;Dark;Ghost;Dark;Ghost;Keen Eye;Stall;Magic Guard;Stall;Wide Lens - 5%;;MediumSlow;45;35;N
#303 Mawile;50;85;85;55;55;50;380;50;95;115;55;85;50;450;Steel;;Steel;Fairy;Hyper Cutter;Intimidate;Huge Power;Intimidate;Iron Ball - 5%;;Fast;45;70;N
#304 Aron;50;70;100;40;40;30;330;50;70;100;40;40;30;330;Steel;Rock;Steel;Rock;Sturdy;Rock Head;Rock Head;Sturdy;Hard Stone - 5%;;Slow;180;35;Can evolve into #305
#305 Lairon;60;90;140;50;50;40;430;60;90;140;50;50;40;430;Steel;Rock;Steel;Rock;Sturdy;Rock Head;Rock Head;Sturdy;Hard Stone - 5%;;Slow;90;35;#304 Lv. 24 - Can evolve into #306
#306 Aggron;70;110;180;60;60;50;530;70;110;180;60;60;50;530;Steel;Rock;Steel;Rock;Sturdy;Rock Head;Rock Head;Sturdy;Hard Stone - 5%;;Slow;45;35;#305 Lv. 40
#307 Meditite;30;40;55;40;55;60;280;30;40;55;60;55;60;300;Fighting;Psychic;Fighting;Psychic;Pure Power;;Pure Power;;;;MediumFast;180;70;Can evolve into #308
#308 Medicham;60;60;75;60;75;80;410;60;60;80;80;80;90;450;Fighting;Psychic;Fighting;Psychic;Pure Power;;Pure Power;;;;MediumFast;90;70;#307 Lv. 33
#309 Electrike;40;45;40;65;40;65;295;40;45;40;65;40;65;295;Electric;;Electric;;Static;Lightningrod;Static;Lightningrod;;;Slow;120;70;Can evolve into #310
#310 Manectric;70;75;60;105;60;105;475;70;75;60;105;60;105;475;Electric;;Electric;;Static;Lightningrod;Static;Lightningrod;;;Slow;45;70;#309 Lv. 26
#311 Plusle;60;50;40;85;75;95;405;60;50;50;95;85;110;450;Electric;;Electric;;Plus;;Plus;Lightning Rod;;;MediumFast;200;70;N
#312 Minun;60;40;50;75;85;95;405;60;50;50;85;95;110;450;Electric;;Electric;;Minus;;Minus;Volt Absorb;;;MediumFast;200;70;N
#313 Volbeat;65;73;55;47;75;85;400;65;33;75;107;85;100;465;Bug;;Bug;Electric;Illuminate;Swarm;Swarm;Illuminate;Bright Powder - 5%;;Erratic;150;70;N
#314 Illumise;65;47;55;73;75;85;400;65;33;85;97;85;100;465;Bug;;Bug;Fairy;Oblivious;Tinted Lens;Tinted Lens;Oblivious;Bright Powder - 5%;;Fluctuating;150;70;N
#315 Roselia;50;60;45;100;80;65;400;50;60;45;100;80;65;400;Grass;Poison;Grass;Poison;Natural Cure;Poison Point;Poison Point;Natural Cure;Poison Barb - 5%;;MediumSlow;150;70;#406 Level up when friendship high - Can evolve into #407
#316 Gulpin;70;43;53;43;53;40;302;70;43;53;43;53;40;302;Poison;;Poison;;Liquid Ooze;Sticky Hold;Liquid Ooze;Sticky Hold;Oran Berry - 50%;Sitrus Berry - 5%;Fluctuating;225;70;Can evolve into #317
#317 Swalot;100;73;83;73;83;55;467;100;73;83;73;83;55;467;Poison;;Poison;;Liquid Ooze;Sticky Hold;Liquid Ooze;Sticky Hold;Oran Berry - 50%;Sitrus Berry - 5%;Fluctuating;75;70;#316 Lv. 26
#318 Carvanha;45;90;20;65;20;65;305;45;90;20;65;20;65;305;Water;Dark;Water;Dark;Rough Skin;;Speed Boost;Rough Skin;Deep Sea Tooth - 5%;;Slow;225;35;Can evolve into #319
#319 Sharpedo;70;120;40;95;40;95;460;70;120;40;95;40;95;460;Water;Dark;Water;Dark;Rough Skin;;Speed Boost;Rough Skin;Deep Sea Tooth - 5%;;Slow;60;35;#318 Lv. 30
#320 Wailmer;130;70;35;70;35;60;400;130;70;35;70;35;60;400;Water;;Water;;Water Veil;Oblivious;Water Veil;Oblivious;;;Fluctuating;125;70;Can evolve into #321
#321 Wailord;170;90;45;90;45;60;500;170;90;45;90;45;60;500;Water;;Water;;Water Veil;Oblivious;Water Veil;Oblivious;;;Fluctuating;60;70;#320 Lv. 36
#322 Numel;60;60;40;65;45;35;305;60;60;40;65;45;35;305;Fire;Ground;Fire;Ground;Oblivious;Simple;Simple;Oblivious;;;MediumFast;255;70;Can evolve into #323
#323 Camerupt;70;100;70;105;75;40;460;70;100;70;105;75;40;460;Fire;Ground;Fire;Ground;Magma Armor;Solid Rock;Solid Rock;Magma Armor;;;MediumFast;150;70;#322 Lv. 33
#324 Torkoal;70;85;140;85;70;20;470;70;85;140;85;70;20;470;Fire;;Fire;;White Smoke;;Drought;White Smoke;Charcoal - 5%;;MediumFast;90;70;N
#325 Spoink;60;25;35;70;80;60;330;60;25;35;70;80;60;330;Psychic;;Psychic;;Thick Fat;Own Tempo;Thick Fat;Own Tempo;;;Fast;255;70;Can evolve into #326
#326 Grumpig;80;45;65;90;110;80;470;80;45;65;90;110;80;470;Psychic;;Psychic;;Thick Fat;Own Tempo;Thick Fat;Own Tempo;;;Fast;60;70;#325 Lv. 32
#327 Spinda;60;60;60;60;60;60;360;75;75;75;75;75;75;450;Normal;;Normal;;Own Tempo;Tangled Feet;Own Tempo;Tangled Feet;;;Fast;255;70;N
#328 Trapinch;45;100;45;45;45;10;290;55;100;45;45;45;10;300;Ground;;Bug ;Ground;Hyper Cutter;Arena Trap;Hyper Cutter;Arena Trap;Soft Sand - 5%;;MediumSlow;255;70;Can evolve into #329
#329 Vibrava;50;70;50;50;50;70;340;60;80;55;90;55;70;410;Ground;Dragon;Bug ;Dragon;Levitate;;Compoundeyes ;Levitate;;;MediumSlow;120;70;#328 Lv. 30 - Can evolve into #330
#330 Flygon;80;100;80;80;80;100;520;90;110;85;130;85;100;600;Ground;Dragon;Bug ;Dragon;Levitate;;Compoundeyes ;Levitate;;;MediumSlow;45;70;#329 Lv. 45
#331 Cacnea;50;85;40;85;40;35;335;50;85;40;85;40;35;335;Grass;;Grass;;Sand Veil;;Water Absorb;Sand Veil;Sticky Barb - 5%;;MediumSlow;190;35;Can evolve into #332
#332 Cacturne;70;115;60;115;60;55;475;70;115;60;115;60;55;475;Grass;Dark;Grass;Dark;Sand Veil;;Water Absorb;Sand Veil;Sticky Barb - 5%;;MediumSlow;60;35;#331 Lv. 32
#333 Swablu;45;40;60;40;75;50;310;45;60;60;60;75;50;350;Normal;Flying;Fairy;Flying;Natural Cure;;Cloud Nine;Natural Cure;;;Erratic;255;70;Can evolve into #334
#334 Altaria;75;70;90;70;105;80;490;75;90;90;90;105;80;530;Dragon;Flying;Dragon;Fairy;Natural Cure;;Cloud Nine;Natural Cure;;;Erratic;45;70;#333 Lv. 35
#335 Zangoose;73;115;60;60;60;90;458;75;115;60;60;60;95;465;Normal;;Normal;;Immunity;;Immunity;;Quick Claw - 5%;;Erratic;90;70;N
#336 Seviper;73;100;60;100;60;65;458;75;115;60;80;60;75;465;Poison;;Poison;Dark;Shed Skin;;Shed Skin;;Shed Shell - 5%;;Fluctuating;90;70;N
#337 Lunatone;70;55;65;95;85;70;440;90;55;65;100;85;70;465;Rock;Psychic;Rock;Psychic;Levitate;;Levitate;;Stardust - 50%;Moon Stone - 5%;Fast;45;70;N
#338 Solrock;70;95;85;55;65;70;440;90;100;85;55;65;70;465;Rock;Psychic;Rock;Psychic;Levitate;;Levitate;;Stardust - 50%;Sun Stone - 5%;Fast;45;70;N
#339 Barboach;50;48;43;46;41;60;288;50;48;43;46;41;60;288;Water;Ground;Water;Ground;Oblivious;Anticipate;Oblivious;Anticipate;;;MediumFast;190;70;Can evolve into #340
#340 Whiscash;110;78;73;76;71;60;468;110;78;73;76;71;60;468;Water;Ground;Water;Ground;Oblivious;Anticipate;Oblivious;Anticipate;;;MediumFast;75;70;#339 Lv. 30
#341 Corphish;43;80;65;50;35;35;308;43;80;65;50;35;35;308;Water;;Water;;Hyper Cutter;Shell Armor;Adaptability ;Hyper Cutter;;;Fluctuating;205;70;Can evolve into #342
#342 Crawdaunt;63;120;85;90;55;55;468;63;120;85;90;55;55;468;Water;Dark;Water;Dark;Hyper Cutter;Shell Armor;Adaptability ;Hyper Cutter;;;Fluctuating;155;70;#341 Lv. 30
#343 Baltoy;40;40;55;40;70;55;300;40;40;55;40;70;55;300;Ground;Psychic;Ground;Psychic;Levitate;;Levitate;;Light Clay - 5%;;MediumFast;255;70;Can evolve into #344
#344 Claydol;60;70;105;70;120;75;500;60;70;105;70;120;75;500;Ground;Psychic;Ground;Psychic;Levitate;;Levitate;;Light Clay - 5%;;MediumFast;90;70;#343 Lv. 32
#345 Lileep;66;41;77;61;87;23;355;66;41;77;61;87;23;355;Rock;Grass;Rock;Grass;Suction Cups;;Suction Cups;Storm Drain;Big Root - 5%;;Erratic;45;70;Can evolve into #346
#346 Cradily;86;81;97;81;107;43;495;86;81;97;81;107;43;495;Rock;Grass;Rock;Grass;Suction Cups;;Suction Cups;Storm Drain;Big Root - 5%;;Erratic;45;70;#345 Lv. 30
#347 Anorith;45;95;50;40;50;75;355;45;95;50;40;50;75;355;Rock;Bug;Rock;Bug;Battle Armor;;Battle Armor;Swift Swim;;;Erratic;45;70;Can evolve into #348
#348 Armaldo;75;125;100;70;80;45;495;75;125;100;70;80;45;495;Rock;Bug;Rock;Bug;Battle Armor;;Battle Armor;Swift Swim;;;Erratic;45;70;#347 Lv. 30
#349 Feebas;20;15;20;10;55;80;200;20;15;20;10;55;80;200;Water;;Water;;Swift Swim;;Swift Swim;Adaptability;;;Erratic;255;70;Can evolve into #350
#350 Milotic;95;60;79;100;125;81;540;95;60;79;100;125;81;540;Water;;Water;Fairy;Marvel Scale;;Marvel Scale;Cute Charm;;;Erratic;60;70;#349 Use Prism Scale
#351 Castform;70;70;70;70;70;70;420;60;60;60;105;70;95;450;Normal;;Normal;;Forecast;;Forecast;;Mystic Water - 100%;;MediumFast;45;70;N
#352 Kecleon;60;90;70;60;120;40;440;60;100;70;60;120;40;450;Normal;;Normal;;Color Change;;Color Change;;;;MediumSlow;200;70;N
#353 Shuppet;44;75;35;63;33;45;295;44;75;35;63;33;45;295;Ghost;;Ghost;;Insomnia;Frisk;Insomnia;Frisk;Spell Tag - 5%;;Fast;225;35;Can evolve into #354
#354 Banette;64;115;65;83;63;65;455;64;125;65;93;63;65;475;Ghost;;Ghost;;Insomnia;Frisk;Insomnia;Frisk;Spell Tag - 5%;;Fast;45;35;#353 Lv. 32
#355 Duskull;20;40;90;30;90;25;295;20;40;90;30;90;25;295;Ghost;;Ghost;;Levitate;;Levitate;Frisk;Spell Tag - 5%;;Fast;190;35;Can evolve into #356
#356 Dusclops;40;70;130;60;130;25;455;40;70;130;60;130;25;455;Ghost;;Ghost;;Pressure;;Frisk ;Pressure;Spell Tag - 5%;;Fast;90;35;#355 Lv. 32 - Can evolve into #477
#357 Tropius;99;68;83;72;87;51;460;110;95;95;95;95;45;535;Grass;Flying;Grass;Flying;Chlorophyll;Solar Power;Chlorophyll;Solar Power;;;Slow;200;70;N
#358 Chimecho;65;50;70;95;80;65;425;75;40;80;110;100;65;470;Psychic;;Psychic;;Levitate;;Levitate;;Cleanse Tag - 5%;;Fast;45;70;#433 Level up when friendship high
#359 Absol;65;130;60;75;60;75;465;65;130;60;85;60;85;485;Dark;;Dark;;Pressure;Super Luck;Super Luck;Pressure;Life Orb - 5%;;MediumSlow;30;35;N
#360 Wynaut;95;23;48;23;48;23;260;95;23;48;23;48;23;260;Psychic;;Psychic;;Shadow Tag;;Shadow Tag;;;;MediumFast;125;70;Can evolve into #202
#361 Snorunt;50;50;50;50;50;50;300;50;50;50;50;50;50;300;Ice;;Ice;;Inner Focus;Ice Body;Inner Focus;Ice Body;;;MediumFast;190;70;Can evolve into #362, #478
#362 Glalie;80;80;80;80;80;80;480;80;110;110;60;60;80;500;Ice;;Ice;Rock;Inner Focus;Ice Body;Levitate ;Ice Body;;;MediumFast;75;70;#361 Lv. 32
#363 Spheal;70;40;50;55;50;25;290;70;40;50;55;50;25;290;Ice;Water;Ice;Water;Thick Fat;Ice Body;Thick Fat;Ice Body;;;MediumSlow;255;70;Can evolve into #364
#364 Sealeo;90;60;70;75;70;45;410;90;60;70;75;70;45;410;Ice;Water;Ice;Water;Thick Fat;Ice Body;Thick Fat;Ice Body;;;MediumSlow;120;70;#363 Lv. 24 - Can evolve into #365
#365 Walrein;110;80;90;95;90;65;530;110;80;90;95;90;65;530;Ice;Water;Ice;Water;Thick Fat;Ice Body;Thick Fat;Ice Body;;;MediumSlow;45;70;#364 Lv. 40
#366 Clamperl;35;64;85;74;55;32;345;35;64;85;74;55;32;345;Water;;Water;;Shell Armor;;Shell Armor;Battle Armor;Pearl - 50%;Big Pearl - 5%;Erratic;255;70;Can evolve into #367, #368
#367 Huntail;55;104;105;94;75;52;485;55;104;105;94;75;52;485;Water;;Water;;Swift Swim;;Swift Swim;Water Veil;Deep Sea Tooth - 5%;;Erratic;60;70;#366 Use Deep Sea Tooth
#368 Gorebyss;55;84;105;114;75;52;485;55;84;105;114;75;52;485;Water;;Water;;Swift Swim;;Swift Swim;Hydration;Deep Sea Scale - 5%;;Erratic;60;70;#366 Use Deep Sea Scale
#369 Relicanth;100;90;130;45;65;55;485;100;90;130;45;65;55;485;Water;Rock;Water;Rock;Swift Swim;Rock Head;Rock Head;Swift Swim;Deep Sea Scale - 5%;;Slow;25;70;N
#370 Luvdisc;43;30;55;40;65;97;330;50;30;75;95;75;125;450;Water;;Water;Fairy;Swift Swim;;Swift Swim;Hydration;Heart Scale - 50%;;Fast;225;70;N
#371 Bagon;45;75;60;40;30;50;300;45;75;60;40;30;50;300;Dragon;;Dragon;;Rock Head;;Rock Head;;Dragon Fang - 5%;;Slow;45;35;Can evolve into #372
#372 Shelgon;65;95;100;60;50;50;420;65;95;100;60;50;50;420;Dragon;;Dragon;;Rock Head;;Rock Head;;Dragon Fang - 5%;;Slow;45;35;#371 Lv. 30 - Can evolve into #373
#373 Salamence;95;135;80;110;80;100;600;95;135;80;110;80;100;600;Dragon;Flying;Dragon;Flying;Intimidate;;Intimidate;;Dragon Fang - 5%;;Slow;45;35;#372 Lv. 50
#374 Beldum;40;55;80;35;60;30;300;40;55;80;35;60;30;300;Steel;Psychic;Steel;Psychic;Clear Body;;Rock Head;Clear Body;Metal Coat - 5%;;Slow;45;35;Can evolve into #375
#375 Metang;60;75;100;55;80;50;420;60;75;100;55;80;50;420;Steel;Psychic;Steel;Psychic;Clear Body;;Iron Fist;Clear Body;Metal Coat - 5%;;Slow;45;35;#374 Lv. 20 - Can evolve into #376
#376 Metagross;80;135;130;95;90;70;600;80;135;130;95;90;70;600;Steel;Psychic;Steel;Psychic;Clear Body;;Iron Fist;Clear Body;Metal Coat - 5%;;Slow;45;35;#375 Lv. 45
#377 Regirock;80;100;200;50;100;50;580;80;100;200;50;100;50;580;Rock;;Rock;;Clear Body;;Clear Body;;;;Slow;3;35;N
#378 Regice;80;50;100;100;200;50;580;80;50;100;100;200;50;580;Ice;;Ice;;Clear Body;;Clear Body;;;;Slow;3;35;N
#379 Registeel;80;75;150;75;150;50;580;80;75;150;75;150;50;580;Steel;;Steel;;Clear Body;;Clear Body;;;;Slow;3;35;N
#380 Latias;80;80;90;110;130;110;600;80;80;90;110;130;110;600;Dragon;Psychic;Dragon;Psychic;Levitate;;Levitate;;;;Slow;3;90;N
#381 Latios;80;90;80;130;110;110;600;80;90;80;130;110;110;600;Dragon;Psychic;Dragon;Psychic;Levitate;;Levitate;;;;Slow;3;90;N
#382 Kyogre;100;100;90;150;140;90;670;100;100;90;150;140;90;670;Water;;Water;;Drizzle;;Drizzle;;;;Slow;5;0;N
#383 Groudon;100;150;140;100;90;90;670;100;150;140;100;90;90;670;Ground;;Ground;;Drought;;Drought;;;;Slow;5;0;N
#384 Rayquaza;105;150;90;150;90;95;680;105;150;90;150;90;95;680;Dragon;Flying;Dragon;Flying;Air Lock;;Air Lock;;;;Slow;3;0;N
#385 Jirachi;100;100;100;100;100;100;600;100;100;100;100;100;100;600;Steel;Psychic;Steel;Psychic;Serene Grace;;Serene Grace;;Star Piece - 100%;;Slow;3;100;N
#386 Deoxys (N);50;150;50;150;50;150;600;50;150;50;150;50;150;600;Psychic;;Psychic;;Pressure;;Pressure;;;;Slow;3;0;N
#386,1 Deoxys (A);50;180;20;180;20;150;600;50;180;20;180;20;150;600;Psychic;;Psychic;;Pressure;;Pressure;;;;Slow;3;0;N
#386,2 Deoxys (D);50;70;160;70;160;90;600;50;70;160;70;160;90;600;Psychic;;Psychic;;Pressure;;Pressure;;;;Slow;3;0;N
#386,3 Deoxys (S);50;95;90;95;90;180;600;50;95;90;95;90;180;600;Psychic;;Psychic;;Pressure;;Pressure;;;;Slow;3;0;N
#387 Turtwig;55;68;64;45;55;31;318;55;68;64;45;55;31;318;Grass;;Grass;;Overgrow;;Overgrow;Shell Armor;;;MediumSlow;45;70;Can evolve into #388
#388 Grotle;75;89;85;55;65;36;405;75;89;85;55;65;36;405;Grass;;Grass;;Overgrow;;Overgrow;Shell Armor;;;MediumSlow;45;70;#387 Lv. 18 - Can evolve into #389
#389 Torterra;95;109;105;75;85;56;525;95;114;110;75;85;56;535;Grass;Ground;Grass;Ground;Overgrow;;Overgrow;Shell Armor;;;MediumSlow;45;70;#388 Lv. 32
#390 Chimchar;44;58;44;58;44;61;309;44;58;44;58;44;61;309;Fire;;Fire;;Blaze;;Iron Fist;Blaze;;;MediumSlow;45;70;Can evolve into #391
#391 Monferno;64;78;52;78;52;81;405;64;78;52;78;52;81;405;Fire;Fighting;Fire;Fighting;Blaze;;Iron Fist;Blaze;;;MediumSlow;45;70;#390 Lv. 14 - Can evolve into #392
#392 Infernape;76;104;71;104;71;108;534;76;104;71;104;71;109;535;Fire;Fighting;Fire;Fighting;Blaze;;Iron Fist;Blaze;;;MediumSlow;45;70;#391 Lv. 36
#393 Piplup;53;51;53;61;56;40;314;53;51;53;61;56;40;314;Water;;Water;;Torrent;;Torrent;Vital Spirit;;;MediumSlow;45;70;Can evolve into #394
#394 Prinplup;64;66;68;81;76;50;405;64;66;68;81;76;50;405;Water;;Water;;Torrent;;Torrent;Vital Spirit;;;MediumSlow;45;70;#393 Lv. 16 - Can evolve into #395
#395 Empoleon;84;86;88;111;101;60;530;84;86;88;116;101;60;535;Water;Steel;Water;Steel;Torrent;;Torrent;Vital Spirit;;;MediumSlow;45;70;#394 Lv. 36
#396 Starly;40;55;30;30;30;60;245;40;55;30;30;30;60;245;Normal;Flying;Normal;Flying;Keen Eye;;Reckless ;Keen Eye;;;MediumSlow;255;70;Can evolve into #397
#397 Staravia;55;75;50;40;40;80;340;55;75;50;40;40;80;340;Normal;Flying;Normal;Flying;Intimidate;;Reckless ;Intimidate;;;MediumSlow;120;70;#396 Lv. 14 - Can evolve into #398
#398 Staraptor;85;120;70;50;50;100;475;85;120;70;50;60;100;485;Normal;Flying;Normal;Flying;Intimidate;;Reckless ;Intimidate;;;MediumSlow;45;70;#397 Lv. 34
#399 Bidoof;59;45;40;35;40;31;250;59;45;40;35;40;31;250;Normal;;Normal;;Simple;Unaware;Simple;Unaware;;;MediumFast;255;70;Can evolve into #400
#400 Bibarel;79;85;60;55;60;71;410;94;100;65;55;65;71;450;Normal;Water;Normal;Water;Simple;Unaware;Simple;Unaware;;;MediumFast;127;70;#399 Lv. 15
#401 Kricketot;37;25;41;25;41;25;194;37;35;41;35;41;25;214;Bug;;Bug;;Shed Skin;;Run Away;Shed Skin;Metronome - 5%;;MediumSlow;255;70;Can evolve into #402
#402 Kricketune;77;85;51;55;51;65;384;80;115;70;50;70;65;450;Bug;;Bug;;Swarm;;Technician;Swarm;Metronome - 5%;;MediumSlow;45;70;#401 Lv. 10
#403 Shinx;45;65;34;40;34;45;263;45;65;34;40;34;45;263;Electric;;Electric;;Rivalry;Intimidate;Intimidate;Guts;;;MediumSlow;235;70;Can evolve into #404
#404 Luxio;60;85;49;60;49;60;363;60;85;49;60;49;60;363;Electric;;Electric;;Rivalry;Intimidate;Intimidate;Guts;;;MediumSlow;120;100;#403 Lv. 15 - Can evolve into #405
#405 Luxray;80;120;79;95;79;70;523;80;120;79;95;79;70;523;Electric;;Electric;Dark;Rivalry;Intimidate;Intimidate;Guts;;;MediumSlow;45;70;#404 Lv. 30
#406 Budew;40;30;35;50;70;55;280;40;30;35;50;70;55;280;Grass;Poison;Grass;Poison;Natural Cure;Poison Point;Poison Point;Natural Cure;Poison Barb - 5%;;MediumSlow;255;180;Can evolve into #315
#407 Roserade;60;70;55;125;105;90;505;60;70;65;125;105;90;515;Grass;Poison;Grass;Poison;Natural Cure;Poison Point;Technician;Natural Cure;Poison Barb - 5%;;MediumSlow;75;70;#315 Use Shiny Stone
#408 Cranidos;67;125;40;30;30;58;350;67;125;40;30;30;58;350;Rock;;Rock;;Mold Breaker;;Rock Head;Mold Breaker;;;Erratic;45;70;Can evolve into #409
#409 Rampardos;97;165;60;65;50;58;495;97;165;60;65;50;58;495;Rock;;Rock;;Mold Breaker;;Rock Head;Mold Breaker;;;Erratic;45;70;#408 Lv. 30
#410 Shieldon;30;42;118;42;88;30;350;30;62;118;22;88;30;350;Rock;Steel;Rock;Steel;Sturdy;;Soundproof ;Sturdy;;;Erratic;45;70;Can evolve into #411
#411 Bastiodon;60;52;168;47;138;30;495;60;72;168;27;138;30;495;Rock;Steel;Rock;Steel;Sturdy;;Soundproof ;Sturdy;;;Erratic;45;70;#410 Lv. 30
#412 Burmy;40;29;45;29;45;36;224;40;20;45;45;45;30;225;Bug;;Bug;;Shed Skin;;Battle Armor;Shed Skin;;;MediumFast;120;70;Can evolve into #413, #414
#413 Wormadam (P);60;59;85;79;105;36;424;60;50;90;110;110;30;450;Bug;Grass;Bug;Grass;Anticipate;;Battle Armor;Anticipate;SilverPowder - 5%;;MediumFast;45;70;#412 Female Plant Cloak Lv. 20
#413,1 Wormadam (S);60;79;105;59;85;36;424;60;50;110;110;90;30;450;Bug;Ground;Bug;Ground;Anticipate;;Battle Armor;Anticipate;SilverPowder - 5%;;MediumFast;45;70;#412 Female Sand Cloak Lv. 20
#413,2 Wormadam (T);60;69;95;69;95;36;424;60;50;100;110;100;30;450;Bug;Steel;Bug;Steel;Anticipate;;Battle Armor;Anticipate;SilverPowder - 5%;;MediumFast;45;70;#412 Female Trash Cloak Lv. 20
#414 Mothim;70;94;50;94;50;66;424;70;70;50;110;50;100;450;Bug;Flying;Bug;Flying;Swarm;;Tinted Lens;Swarm;;;MediumFast;45;70;#412 Male Lv. 20
#415 Combee;30;30;42;30;42;70;244;30;30;42;30;42;70;244;Bug;Flying;Bug;Flying;Honey Gather;;Hustle ;Honey Gather;Honey - 5%;;MediumSlow;120;70;Can evolve into #416
#416 Vespiquen;70;80;102;80;102;40;474;70;80;102;80;102;40;474;Bug;Flying;Bug;Flying;Pressure;;Intimidate ;Pressure;Poison Barb - 5%;;MediumSlow;45;70;#415 Female  Lv. 21
#417 Pachirisu;60;45;70;45;90;95;405;60;45;80;80;90;95;450;Electric;;Electric;;Run Away;Pickup;Volt Absorb;Pickup;;;MediumFast;200;100;N
#418 Buizel;55;65;35;60;30;85;330;55;65;35;60;30;85;330;Water;;Water;;Swift Swim;;Swift Swim;Water Veil;;;MediumFast;190;70;Can evolve into #419
#419 Floatzel;85;105;55;85;50;115;495;85;105;55;85;50;115;495;Water;;Water;;Swift Swim;;Swift Swim;Water Veil;;;MediumFast;75;70;#418 Lv. 26
#420 Cherubi;45;35;45;62;53;35;275;45;35;45;62;53;35;275;Grass;;Grass;;Chlorophyll;;Chlorophyll;;Miracle Seed - 5%;;MediumFast;190;70;Can evolve into #421
#421 Cherrim;70;60;70;87;78;85;450;70;45;70;107;83;90;465;Grass;;Grass;;Flower Gift;;Flower Gift;;Miracle Seed - 5%;;MediumFast;75;70;#420 Lv. 25
#422 Shellos;76;48;48;57;62;34;325;76;48;48;57;62;34;325;Water;;Water;;Sticky Hold;Storm Drain;Sticky Hold;Storm Drain;;;MediumFast;190;70;Can evolve into #423
#423 Gastrodon;111;83;68;92;82;39;475;111;83;68;92;82;39;475;Water;Ground;Water;Ground;Sticky Hold;Storm Drain;Sticky Hold;Storm Drain;;;MediumFast;75;70;#422 Lv. 30
#424 Ambipom;75;100;66;60;66;115;482;75;100;66;60;66;115;482;Normal;;Normal;;Technician;Pickup;Technician;Pickup;;;Fast;45;100;#190 Level up knowing Double Hit
#425 Drifloon;90;50;34;60;44;70;348;90;50;34;60;44;70;348;Ghost;Flying;Ghost;Flying;Aftermath;Unburden;Unburden ;Aftermath;;;Fluctuating;125;70;Can evolve into #426
#426 Drifblim;150;80;44;90;54;80;498;150;80;44;90;54;80;498;Ghost;Flying;Ghost;Flying;Aftermath;Unburden;Unburden ;Aftermath;;;Fluctuating;60;70;#425 Lv. 28
#427 Buneary;55;66;44;44;56;85;350;55;66;44;44;56;85;350;Normal;;Normal;;Run Away;Klutz;Limber ;Run Away;;;MediumFast;190;0;Can evolve into #428
#428 Lopunny;65;76;84;54;96;105;480;65;106;84;44;96;105;500;Normal;;Normal;Fighting;Cute Charm;Klutz;Scrappy;Cute Charm;;;MediumFast;60;140;#427 Level up when friendship high
#429 Mismagius;60;60;60;105;105;105;495;60;60;60;105;105;105;495;Ghost;;Ghost;Fairy;Levitate;;Levitate;;;;Fast;45;35;#200 Use Dusk Stone
#430 Honchkrow;100;125;52;105;52;71;505;100;125;52;105;52;71;505;Dark;Flying;Dark;Flying;Insomnia;Super Luck;Super Luck;Insomnia;;;MediumSlow;30;35;#198 Use Dusk Stone
#431 Glameow;49;55;42;42;37;85;310;50;65;45;45;40;90;335;Normal;;Normal;;Limber;Own Tempo;Limber;Own Tempo;;;Fast;190;70;Can evolve into #432
#432 Purugly;71;82;64;64;59;112;452;90;95;70;65;60;115;495;Normal;;Normal;;Thick Fat;Own Tempo;Thick Fat;Own Tempo;;;Fast;75;70;#431 Lv. 32
#433 Chingling;45;30;50;65;50;45;285;45;30;50;65;50;45;285;Psychic;;Psychic;;Levitate;;Levitate;;Cleanse Tag - 5%;;Fast;120;180;Can evolve into #358
#434 Stunky;63;63;47;41;41;74;329;65;65;50;40;40;75;335;Poison;Dark;Poison;Dark;Stench;Aftermath;Aftermath;Stench;;;MediumFast;225;70;Can evolve into #435
#435 Skuntank;103;93;67;71;61;84;479;115;95;70;70;60;85;495;Poison;Dark;Poison;Dark;Stench;Aftermath;Aftermath;Stench;;;MediumFast;60;70;#434 Lv. 32
#436 Bronzor;57;24;86;24;86;23;300;57;24;86;24;86;23;300;Steel;Psychic;Steel;Psychic;Levitate;Heatproof;Levitate;Heatproof;Metal Coat - 5%;;MediumFast;255;35;Can evolve into #437
#437 Bronzong;67;89;116;79;116;33;500;67;89;116;79;116;33;500;Steel;Psychic;Steel;Psychic;Levitate;Heatproof;Levitate;Heatproof;Metal Coat - 5%;;MediumFast;90;70;#436 Lv. 33
#438 Bonsly;50;80;95;10;45;10;290;60;85;95;10;55;10;315;Rock;;Rock;;Sturdy;Rock Head;Rock Head;Sturdy;;;MediumFast;255;70;Can evolve into #185
#439 Mime Jr.;20;25;45;70;90;60;310;20;15;45;80;90;65;315;Psychic;;Psychic;Fairy;Soundproof;Filter;Filter;Technician;;;MediumFast;145;70;Can evolve into #122
#440 Happiny;100;5;5;15;65;30;220;100;5;5;15;65;30;220;Normal;;Normal;;Natural Cure;Serene Grace;Serene Grace;Natural Cure;Oval Stone - 50%;;Fast;130;180;Can evolve into #113
#441 Chatot;76;65;45;92;42;91;411;75;45;55;110;55;110;450;Normal;Flying;Normal;Flying;Keen Eye;Tangled Feet;Soundproof ;Tangled Feet;Metronome - 5%;;MediumSlow;30;35;N
#442 Spiritomb;50;92;108;92;108;35;485;50;92;108;92;108;35;485;Ghost;Dark;Ghost;Dark;Pressure;;Pressure;;Smoke Ball - 100%;;MediumFast;100;70;N
#443 Gible;58;70;45;40;45;42;300;58;70;45;40;45;42;300;Dragon;Ground;Dragon;Ground;Sand Veil;;Rough Skin;Sand Veil;;;Slow;45;70;Can evolve into #444
#444 Gabite;68;90;65;50;55;82;410;68;90;65;50;55;82;410;Dragon;Ground;Dragon;Ground;Sand Veil;;Rough Skin;Sand Veil;;;Slow;45;70;#443 Lv. 24 - Can evolve into #445
#445 Garchomp;108;130;95;80;85;102;600;108;130;95;80;85;102;600;Dragon;Ground;Dragon;Ground;Sand Veil;;Rough Skin;Sand Veil;;;Slow;45;70;#444 Lv. 48
#446 Munchlax;135;85;40;40;85;5;390;135;85;40;40;85;5;390;Normal;;Normal;;Pickup;Thick Fat;Thick Fat;Pickup;Leftovers - 100%;;Slow;50;70;Can evolve into #143
#447 Riolu;40;70;40;35;40;60;285;40;70;40;35;40;60;285;Fighting;;Fighting;;Steadfast;Inner Focus;Steadfast;Inner Focus;;;MediumSlow;75;70;Can evolve into #448
#448 Lucario;70;110;70;115;70;90;525;70;110;70;115;70;90;525;Fighting;Steel;Fighting;Steel;Steadfast;Inner Focus;Adaptability ;Inner Focus;;;MediumSlow;45;70;#447 Level up when friendship high
#449 Hippopotas;68;72;78;38;42;32;330;68;72;78;38;42;32;330;Ground;;Ground;;Sand Stream;;Sand Stream;;;;Slow;140;70;Can evolve into #450
#450 Hippowdon;108;112;118;68;72;47;525;108;112;118;68;72;47;525;Ground;;Ground;;Sand Stream;;Sand Stream;;;;Slow;60;70;#449 Lv. 34
#451 Skorupi;40;50;90;30;55;65;330;40;50;90;30;55;65;330;Poison;Bug;Poison;Bug;Battle Armor;Sniper;Sniper;Battle Armor;Poison Barb - 5%;;Slow;120;70;Can evolve into #452
#452 Drapion;70;90;110;60;75;95;500;70;90;110;60;75;95;500;Poison;Dark;Poison;Dark;Battle Armor;Sniper;Sniper;Battle Armor;Poison Barb - 5%;;Slow;45;70;#451 Lv. 30
#453 Croagunk;48;61;40;61;40;50;300;48;61;40;61;40;50;300;Poison;Fighting;Poison;Fighting;Anticipate;Dry Skin;Dry Skin;Anticipate;Black Sludge - 5%;;MediumFast;140;100;Can evolve into #454
#454 Toxicroak;83;106;65;86;65;85;490;83;106;65;86;65;85;490;Poison;Fighting;Poison;Fighting;Anticipate;Dry Skin;Dry Skin;Anticipate;Black Sludge - 5%;;MediumFast;75;70;#453 Lv. 33
#455 Carnivine;74;100;72;90;72;46;454;74;110;72;100;72;36;464;Grass;;Grass;;Levitate;;Levitate;;;;Slow;200;70;N
#456 Finneon;49;49;56;49;61;66;330;50;30;60;60;60;70;330;Water;;Water;;Swift Swim;Storm Drain;Swift Swim;Storm Drain;;;Erratic;190;70;Can evolve into #457
#457 Lumineon;69;69;76;69;86;91;460;70;40;75;105;90;105;485;Water;;Water;;Swift Swim;Storm Drain;Swift Swim;Storm Drain;;;Erratic;75;70;#456 Lv. 31
#458 Mantyke;45;20;50;60;120;50;345;45;20;50;60;120;50;345;Water;Flying;Water;Flying;Swift Swim;Water Absorb;Swift Swim;Water Absorb;;;Slow;25;70;Can evolve into #226
#459 Snover;60;62;50;62;60;40;334;60;62;50;62;60;40;334;Ice;Grass;Ice;Grass;Snow Warning;;Snow Warning;Soundproof;Never-Melt Ice - 5%;;Slow;120;70;Can evolve into #460
#460 Abomasnow;90;92;75;92;85;60;494;90;92;75;92;85;60;494;Ice;Grass;Ice;Grass;Snow Warning;;Snow Warning;Soundproof;Never-Melt Ice - 5%;;Slow;60;70;#459 Lv. 40
#461 Weavile;70;120;65;45;85;125;510;70;120;65;45;85;125;510;Dark;Ice;Dark;Ice;Pressure;;Technician;Pressure;Quick Claw - 5%;;MediumSlow;45;35;#215 Night Level up holding Razor Claw
#462 Magnezone;70;70;115;130;90;60;535;70;70;115;130;90;60;535;Electric;Steel;Electric;Steel;Magnet Pull;Sturdy;Magnet Pull;Sturdy;Metal Coat - 5%;;MediumFast;30;70;#082 Level up at Mt. Coronet
#463 Lickilicky;110;85;95;80;95;50;515;110;85;95;80;95;50;515;Normal;;Normal;;Own Tempo;Oblivious;Own Tempo;Oblivious;Lagging Tail - 5%;;MediumFast;30;70;#108 Level up knowing Rollout
#464 Rhyperior;115;140;130;55;55;40;535;115;140;130;55;55;40;535;Ground;Rock;Ground;Rock;Lightningrod;Solid Rock;Solid Rock;Reckless;;;Slow;30;70;#112 Use Protector
#465 Tangrowth;100;100;125;110;50;50;535;100;100;125;110;50;50;535;Grass;;Grass;;Chlorophyll;Leaf Guard;Chlorophyll;Leaf Guard;;;MediumFast;30;70;#114 Level up knowing Ancient Power
#466 Electivire;75;123;67;95;85;95;540;75;123;67;95;85;95;540;Electric;;Electric;Fighting;Motor Drive;;Motor Drive;Vital Spirit;Electirizer - 5%;;MediumFast;30;70;#125 Use Electrizer
#467 Magmortar;75;95;67;125;95;83;540;75;95;67;125;95;83;540;Fire;;Fire;;Flame Body;;Flame Body;Vital Spirit;Magmarizer - 5%;;MediumFast;30;70;#126 Use Magmarizer
#468 Togekiss;85;50;95;120;115;80;545;85;50;95;120;115;80;545;Normal;Flying;Fairy;Flying;Hustle;Serene Grace;Serene Grace;Super Luck;;;Fast;30;70;#176 Use Shiny Stone
#469 Yanmega;86;76;86;116;56;95;515;86;76;86;116;56;95;515;Bug;Flying;Bug;Flying;Speed Boost;Tinted Lens;Speed Boost;Tinted Lens;Wide Lens - 5%;;MediumFast;30;70;#193 Level up knowing Ancient Power
#470 Leafeon;65;110;130;60;65;95;525;65;110;130;60;65;95;525;Grass;;Grass;;Leaf Guard;;Leaf Guard;;;;MediumFast;45;35;#133 Use Leaf Stone
#471 Glaceon;65;60;110;130;95;65;525;65;60;110;130;65;95;525;Ice;;Ice;;Snow Cloak;;Snow Cloak;;;;MediumFast;45;35;#133 Use Ice Stone
#472 Gliscor;75;95;125;45;75;95;510;75;95;125;45;75;95;510;Ground;Flying;Ground;Flying;Hyper Cutter;Sand Veil;Poison Heal;Hyper Cutter;;;MediumSlow;30;70;#207 Night Level up holding Razor Fang
#473 Mamoswine;110;130;80;70;60;80;530;110;130;80;70;60;80;530;Ice;Ground;Ice;Ground;Oblivious;Snow Cloak;Thick Fat;Snow Cloak;;;Slow;50;70;#221 Level up knowing Ancient Power
#474 Porygon-Z;85;80;70;135;75;90;535;85;80;70;135;75;90;535;Normal;;Normal;;Adaptability;Download;Adaptability;Download;;;MediumFast;30;70;#233 Use Dubious Disc
#475 Gallade;68;125;65;65;115;80;518;68;125;65;65;115;80;518;Psychic;Fighting;Psychic;Fighting;Steadfast;;Steadfast;;;;Slow;45;35;#281 Male Use Dawn Stone
#476 Probopass;60;55;145;75;150;40;525;60;45;145;85;150;40;525;Rock;Steel;Rock;Steel;Sturdy;Magnet Pull;Sturdy;Magnet Pull;Magnet - 5%;;MediumFast;60;70;#299 Level up at Mt. Coronet
#477 Dusknoir;45;100;135;65;135;45;525;45;100;135;65;135;45;525;Ghost;;Ghost;;Pressure;;Iron Fist;Pressure;Spell Tag - 5%;;Fast;45;35;#356 Use Reaper Cloth
#478 Froslass;70;80;70;80;70;110;480;70;70;70;110;70;110;500;Ice;Ghost;Ice;Ghost;Snow Cloak;;Levitate ;Snow Cloak;;;MediumFast;75;70;#361 Female Use Dawn Stone
#479 Rotom;50;50;77;95;77;91;440;50;50;77;95;77;101;450;Electric;Ghost;Electric;Ghost;Levitate;;Levitate;;;;MediumFast;45;70;N
#479,1 Rotom (Heat);50;65;107;105;107;86;520;50;65;107;105;107;86;520;Electric;Fire;Electric;Fire;Levitate;;Levitate;;;;MediumFast;45;70;N
#479,2 Rotom (Wash);50;65;107;105;107;86;520;50;65;107;105;107;86;520;Electric;Water;Electric;Water;Levitate;;Levitate;;;;MediumFast;45;70;N
#479,3 Rotom (Frost);50;65;107;105;107;86;520;50;65;107;105;107;86;520;Electric;Ice;Electric;Ice;Levitate;;Levitate;;;;MediumFast;45;70;N
#479,4 Rotom (Spin);50;65;107;105;107;86;520;50;65;107;105;107;86;520;Electric;Flying;Electric;Flying;Levitate;;Motor Drive;;;;MediumFast;45;70;N
#479,5 Rotom (Cut);50;65;107;105;107;86;520;50;65;107;105;107;86;520;Electric;Grass;Electric;Grass;Levitate;;Levitate;;;;MediumFast;45;70;N
#480 Uxie;75;75;130;75;130;95;580;75;75;130;75;130;95;580;Psychic;;Psychic;Fairy;Levitate;;Levitate;;;;Slow;3;140;N
#481 Mesprit;80;105;105;105;105;80;580;80;105;105;105;105;80;580;Psychic;;Psychic;Fairy;Levitate;;Levitate;;;;Slow;3;140;N
#482 Azelf;75;125;70;125;70;115;580;75;125;70;125;70;115;580;Psychic;;Psychic;Fairy;Levitate;;Levitate;;;;Slow;3;140;N
#483 Dialga;100;120;120;150;100;90;680;100;120;120;150;100;90;680;Steel;Dragon;Steel;Dragon;Pressure;;Pressure;;;;Slow;30;0;N
#484 Palkia;90;120;100;150;120;100;680;90;120;100;150;120;100;680;Water;Dragon;Water;Dragon;Pressure;;Pressure;;;;Slow;30;0;N
#485 Heatran;91;90;106;130;106;77;600;91;90;106;130;106;77;600;Fire;Steel;Fire;Steel;Flash Fire;;Flash Fire;Flame Body;;;Slow;3;100;N
#486 Regigigas;110;160;110;80;110;100;670;110;160;110;80;110;100;670;Normal;;Normal;;Slow Start;;Slow Start;;;;Slow;3;0;N
#487 Giratina;150;100;120;100;120;90;680;150;100;120;100;120;90;680;Ghost;Dragon;Ghost;Dragon;Pressure;;Pressure;;Griseous Orb - 100%;;Slow;3;0;N
#487,1 Giratina (O);150;120;100;120;100;90;680;150;120;100;120;100;90;680;Ghost;Dragon;Ghost;Dragon;Levitate;;Levitate;;Griseous Orb - 100%;;Slow;3;0;N
#488 Cresselia;120;70;120;75;130;85;600;120;70;120;75;130;85;600;Psychic;;Psychic;;Levitate;;Levitate;;;;Slow;3;100;N
#489 Phione;80;80;80;80;80;80;480;80;80;80;80;80;80;480;Water;;Water;;Hydration;;Hydration;;;;Slow;30;70;N
#490 Manaphy;100;100;100;100;100;100;600;100;100;100;100;100;100;600;Water;;Water;;Hydration;;Hydration;;;;Slow;3;70;N
#491 Darkrai;70;90;90;135;90;125;600;70;90;90;135;90;125;600;Dark;;Dark;;Bad Dreams;;Bad Dreams;;;;Slow;3;0;N
#492 Shaymin;100;100;100;100;100;100;600;100;100;100;100;100;100;600;Grass;;Grass;;Natural Cure;;Natural Cure;;;;MediumSlow;45;100;N
#492,1 Shaymin (S);100;103;75;120;75;127;600;100;103;75;120;75;127;600;Grass;Flying;Grass;Flying;Serene Grace;;Serene Grace;;Lum Berry - 100%;;MediumSlow;45;100;N
#493 Arceus;120;120;120;120;120;120;720;120;120;120;120;120;120;720;Normal;;Normal;;Multitype;;Multitype;;;;Slow;3;0;N
